玩法,档位,价格元/计时按小时,情景,模型,期望毛W/元,估算净W/元,毛中位,毛P10,毛P90,200局结单率,平均局数,备注
千万才是开始,基础档,388.0,pressure,thousand,10.644224,8.315342,9.405986,5.28629,17.900102,1.0,11.611833,
千万才是开始,基础档,388.0,base,thousand,14.220616,11.821558,12.579188,4.852351,25.617826,1.0,11.474667,
千万才是开始,基础档,388.0,search,thousand,17.228798,14.83607,14.734473,6.215666,31.993146,1.0,10.929833,
千万才是开始,高档,888.0,pressure,thousand,7.897428,6.168958,7.225656,4.176388,12.545343,1.0,19.742167,
千万才是开始,高档,888.0,base,thousand,11.8436,9.844301,11.01186,6.273378,18.548083,1.0,21.878,
千万才是开始,高档,888.0,search,thousand,16.745789,14.417524,15.738117,9.07439,25.679445,1.0,24.356333,
战争贩子,金弹小子,488.0,pressure,war,11.859557,9.260233,11.49702,7.532983,16.632276,1.0,16.322833,
战争贩子,金弹小子,488.0,base,war,8.160702,6.781244,7.866473,5.455629,11.213872,1.0,8.308333,
战争贩子,金弹小子,488.0,search,war,6.526461,5.623201,6.247029,4.600256,8.764701,1.0,5.177833,
战争贩子,子弹大王,688.0,pressure,war,8.783785,6.860754,8.43924,5.965232,12.031653,1.0,17.016667,
战争贩子,子弹大王,688.0,base,war,6.739968,5.602355,6.434804,5.057803,8.85243,1.0,9.655667,
战争贩子,子弹大王,688.0,search,war,6.139976,5.289452,5.858681,4.765917,7.853982,1.0,6.881833,
战争贩子,AW高阶档,1088.0,pressure,war,13.879468,10.833754,9.398811,4.790627,29.712851,0.993667,42.662167,
战争贩子,AW高阶档,1088.0,base,war,44.691776,37.142934,38.698926,8.575664,88.365217,0.798167,101.397333,
战争贩子,AW高阶档,1088.0,search,war,97.884133,84.264372,109.377127,42.430433,119.373839,0.246833,174.828833,
狗牌收集计划,单局15个身份牌,488.0,pressure,dog,44.669902,34.857591,32.855519,7.600737,103.121805,0.9555,61.6965,任务牌值不等于老板实际带出；价值门槛档只计队内击杀。
狗牌收集计划,单局15个身份牌,488.0,base,dog,39.80332,33.088545,28.450261,6.309955,89.411273,0.9925,40.394833,任务牌值不等于老板实际带出；价值门槛档只计队内击杀。
狗牌收集计划,单局15个身份牌,488.0,search,dog,84.64827,72.871374,62.673019,10.662903,207.046701,0.932333,67.780833,任务牌值不等于老板实际带出；价值门槛档只计队内击杀。
狗牌收集计划,狗牌总价值档,688.0,pressure,dog,7.94758,6.211353,7.772332,6.557219,9.534362,1.0,15.345167,任务牌值不等于老板实际带出；价值门槛档只计队内击杀。
狗牌收集计划,狗牌总价值档,688.0,base,dog,7.092679,5.897183,7.007373,6.185914,8.113797,1.0,10.1395,任务牌值不等于老板实际带出；价值门槛档只计队内击杀。
狗牌收集计划,狗牌总价值档,688.0,search,dog,6.684281,5.759582,6.620332,5.97502,7.479828,1.0,7.475,任务牌值不等于老板实际带出；价值门槛档只计队内击杀。
狗牌收集计划,80W门槛收集,348.0,pressure,dog,14.535775,11.358368,14.17414,9.994956,19.683297,1.0,14.204667,任务牌值不等于老板实际带出；价值门槛档只计队内击杀。
狗牌收集计划,80W门槛收集,348.0,base,dog,12.5457,10.426499,12.303388,8.811768,16.541104,1.0,9.1025,任务牌值不等于老板实际带出；价值门槛档只计队内击杀。
狗牌收集计划,80W门槛收集,348.0,search,dog,15.715134,13.534623,15.389549,11.427309,20.298902,1.0,8.924167,任务牌值不等于老板实际带出；价值门槛档只计队内击杀。
狗牌收集计划,200W门槛收集,888.0,pressure,dog,8.174606,6.383171,7.990928,6.124349,10.433407,1.0,20.467667,任务牌值不等于老板实际带出；价值门槛档只计队内击杀。
狗牌收集计划,200W门槛收集,888.0,base,dog,8.543608,7.099813,8.408148,6.548506,10.718414,1.0,15.817833,任务牌值不等于老板实际带出；价值门槛档只计队内击杀。
狗牌收集计划,200W门槛收集,888.0,search,dog,14.118307,12.15562,13.876556,10.965495,17.531612,1.0,20.522333,任务牌值不等于老板实际带出；价值门槛档只计队内击杀。
狗牌收集计划,300W门槛收集,2888.0,pressure,dog,4.380654,3.418529,4.283521,3.707264,5.18316,1.0,35.793833,任务牌值不等于老板实际带出；价值门槛档只计队内击杀。
狗牌收集计划,300W门槛收集,2888.0,base,dog,5.332064,4.430367,5.270531,4.306584,6.452161,1.0,32.130333,任务牌值不等于老板实际带出；价值门槛档只计队内击杀。
狗牌收集计划,300W门槛收集,2888.0,search,dog,11.31827,9.744283,11.157809,8.717282,14.092662,1.0,53.576167,任务牌值不等于老板实际带出；价值门槛档只计队内击杀。
狗牌收集计划,狗牌保卫战基础,588.0,pressure,dog,8.649466,6.761029,8.284832,5.451328,12.268493,1.0,14.260833,任务牌值不等于老板实际带出；价值门槛档只计队内击杀。
狗牌收集计划,狗牌保卫战基础,588.0,base,dog,8.761278,7.281951,8.570344,6.160905,11.604959,1.0,10.7345,任务牌值不等于老板实际带出；价值门槛档只计队内击杀。
狗牌收集计划,狗牌保卫战基础,588.0,search,dog,12.660691,10.902369,12.497076,9.506731,16.067555,1.0,12.161,任务牌值不等于老板实际带出；价值门槛档只计队内击杀。
狗牌收集计划,狗牌保卫战高档,1288.0,pressure,dog,8.813884,6.877626,8.639183,6.541243,11.308901,1.0,32.124833,任务牌值不等于老板实际带出；价值门槛档只计队内击杀。
狗牌收集计划,狗牌保卫战高档,1288.0,base,dog,9.297183,7.727188,9.176506,7.484313,11.263807,1.0,24.926,任务牌值不等于老板实际带出；价值门槛档只计队内击杀。
狗牌收集计划,狗牌保卫战高档,1288.0,search,dog,13.966305,12.024035,13.901753,11.671884,16.320927,1.0,29.477833,任务牌值不等于老板实际带出；价值门槛档只计队内击杀。
淘金大作战,体验版,588.0,pressure,gold,16.899866,13.18054,16.634901,11.021254,23.102851,1.0,28.188667,
淘金大作战,体验版,588.0,base,gold,9.825999,8.16891,9.384932,6.733188,13.488138,1.0,12.009167,
淘金大作战,体验版,588.0,search,gold,7.603037,6.549977,7.182872,5.979075,9.870421,1.0,7.281167,
淘金大作战,正常版,1088.0,pressure,gold,16.65103,12.989518,16.322441,11.266776,22.551532,1.0,51.357667,
淘金大作战,正常版,1088.0,base,gold,7.916032,6.577996,7.784488,5.262628,10.710972,1.0,17.947667,
淘金大作战,正常版,1088.0,search,gold,5.31316,4.575796,5.159297,3.631151,7.174983,1.0,9.435333,
淘金大作战,狂暴版,1688.0,pressure,gold,24.105772,18.818566,23.977528,18.215488,30.321077,0.994833,114.913333,
淘金大作战,狂暴版,1688.0,base,gold,11.587646,9.629638,11.519254,8.675702,14.612218,1.0,40.793,
淘金大作战,狂暴版,1688.0,search,gold,8.447282,7.272293,8.397799,6.380258,10.600815,1.0,23.373667,
黄金大矿工,金红小王,588.0,pressure,miner,22.175351,17.303223,22.089585,17.284909,27.134528,1.0,36.916333,基线988另补；同时计算按补差额解释。
黄金大矿工,金红小王,588.0,base,miner,11.105459,9.23118,10.97988,8.89263,13.482064,1.0,13.575,基线988另补；同时计算按补差额解释。
黄金大矿工,金红小王,588.0,search,miner,8.310389,7.159255,8.198433,6.610226,10.14954,1.0,7.96,基线988另补；同时计算按补差额解释。
黄金大矿工,全红大师,988.0,pressure,miner,19.637035,15.321814,19.505862,16.109749,23.282087,1.0,54.952333,基线988另补；同时计算按补差额解释。
黄金大矿工,全红大师,988.0,base,miner,11.238716,9.341145,11.208298,9.322878,13.251479,1.0,23.1065,基线988另补；同时计算按补差额解释。
黄金大矿工,全红大师,988.0,search,miner,8.907238,7.669067,8.90234,7.329748,10.458939,1.0,14.404833,基线988另补；同时计算按补差额解释。
小香手,小香手／幼儿园费用,588.0,pressure,hand,17.381472,13.565821,12.678722,5.566214,34.603946,0.9985,28.895,
小香手,小香手／幼儿园费用,588.0,base,hand,8.715388,7.243611,7.869785,4.072532,14.459018,1.0,10.672833,
小香手,小香手／幼儿园费用,588.0,search,hand,6.891439,5.935819,6.49326,3.748501,10.381582,1.0,6.6145,
一命通关,基础版,588.0,pressure,challenge,9.564836,7.360967,9.377813,7.235854,12.113773,1.0,17.7255,跨地图价值倍率大坝.48/巴克什.9/航天1/监狱.9和胜率偏移均为假设，不套用个人26局。
一命通关,基础版,588.0,base,challenge,9.990145,8.23049,9.543696,7.059004,13.521115,1.0,13.825,跨地图价值倍率大坝.48/巴克什.9/航天1/监狱.9和胜率偏移均为假设，不套用个人26局。
一命通关,基础版,588.0,search,challenge,8.903489,7.633105,8.512795,6.526317,11.818425,1.0,9.756333,跨地图价值倍率大坝.48/巴克什.9/航天1/监狱.9和胜率偏移均为假设，不套用个人26局。
一命通关,进阶版,1288.0,pressure,challenge,34.006559,25.992948,38.706843,10.959486,47.285163,0.423,154.484167,跨地图价值倍率大坝.48/巴克什.9/航天1/监狱.9和胜率偏移均为假设，不套用个人26局。
一命通关,进阶版,1288.0,base,challenge,30.624917,25.127848,27.838529,6.67316,56.979359,0.785667,104.246167,跨地图价值倍率大坝.48/巴克什.9/航天1/监狱.9和胜率偏移均为假设，不套用个人26局。
一命通关,进阶版,1288.0,search,challenge,16.562305,14.179648,12.187506,4.87291,34.460422,0.991667,43.742167,跨地图价值倍率大坝.48/巴克什.9/航天1/监狱.9和胜率偏移均为假设，不套用个人26局。
一命通关,地狱版,2688.0,pressure,challenge,17.20873,13.126171,19.000283,6.532469,22.574096,0.3265,166.394667,跨地图价值倍率大坝.48/巴克什.9/航天1/监狱.9和胜率偏移均为假设，不套用个人26局。
一命通关,地狱版,2688.0,base,challenge,17.05195,13.947523,18.212076,4.742221,27.133009,0.6405,127.424,跨地图价值倍率大坝.48/巴克什.9/航天1/监狱.9和胜率偏移均为假设，不套用个人26局。
一命通关,地狱版,2688.0,search,challenge,11.003793,9.405606,7.863465,4.325527,24.02184,0.961667,63.993667,跨地图价值倍率大坝.48/巴克什.9/航天1/监狱.9和胜率偏移均为假设，不套用个人26局。
大红爆仓,25格,488.0,pressure,bigred,31.266746,24.383407,29.157472,14.969305,50.284309,1.0,43.327833,368格枪计入冲突：基线不计，另给计枪解释。
大红爆仓,25格,488.0,base,bigred,14.801823,12.305921,13.789989,7.344131,23.421949,1.0,14.998,368格枪计入冲突：基线不计，另给计枪解释。
大红爆仓,25格,488.0,search,bigred,8.978981,7.732546,8.064173,5.533476,13.589515,1.0,7.164333,368格枪计入冲突：基线不计，另给计枪解释。
大红爆仓,50格,788.0,pressure,bigred,35.872311,27.989324,34.739626,21.631314,51.19439,0.998167,80.038667,368格枪计入冲突：基线不计，另给计枪解释。
大红爆仓,50格,788.0,base,bigred,16.677564,13.859409,16.113356,9.992095,24.031379,1.0,27.3915,368格枪计入冲突：基线不计，另给计枪解释。
大红爆仓,50格,788.0,search,bigred,9.579716,8.249685,9.218886,5.847012,13.738355,1.0,12.345,368格枪计入冲突：基线不计，另给计枪解释。
大红爆仓,66格,1888.0,pressure,bigred,20.775327,16.216203,20.280158,13.295209,28.936379,0.979,110.8535,368格枪计入冲突：基线不计，另给计枪解释。
大红爆仓,66格,1888.0,base,bigred,9.288309,7.717797,9.001362,5.964507,12.871397,1.0,36.603667,368格枪计入冲突：基线不计，另给计枪解释。
大红爆仓,66格,1888.0,search,bigred,5.777507,4.97451,5.409422,4.985115,7.181474,1.0,17.8555,368格枪计入冲突：基线不计，另给计枪解释。
大红爆仓,368格,6888.0,pressure,bigred,10.278088,8.023298,10.259713,8.656103,11.898969,0.0,200.0,368格枪计入冲突：基线不计，另给计枪解释。
大红爆仓,368格,6888.0,base,bigred,12.642401,10.50637,12.720806,10.971004,14.201481,0.650333,181.669833,368格枪计入冲突：基线不计，另给计枪解释。
大红爆仓,368格,6888.0,search,bigred,7.312854,6.295795,7.261266,6.118865,8.552073,1.0,82.5945,368格枪计入冲突：基线不计，另给计枪解释。
三幻神专区,任意一个三幻神,488.0,pressure,legend,29.644154,23.14069,20.590566,8.151976,65.326936,0.995833,40.878333,三目标成功局概率为明示假设，非官方掉率；默认目标须成功带出。
三幻神专区,任意一个三幻神,488.0,base,legend,15.717938,13.060272,10.514243,7.009173,31.456588,1.0,16.008667,三目标成功局概率为明示假设，非官方掉率；默认目标须成功带出。
三幻神专区,任意一个三幻神,488.0,search,legend,11.112418,9.568706,8.157817,6.52892,19.92902,1.0,8.875667,三目标成功局概率为明示假设，非官方掉率；默认目标须成功带出。
三幻神专区,纵横／泪冠任选,1688.0,pressure,legend,19.61737,15.313777,15.51346,6.514118,40.568428,0.851833,93.539167,三目标成功局概率为明示假设，非官方掉率；默认目标须成功带出。
三幻神专区,纵横／泪冠任选,1688.0,base,legend,12.002382,9.974513,7.605767,5.858425,24.380387,0.9945,42.206833,三目标成功局概率为明示假设，非官方掉率；默认目标须成功带出。
三幻神专区,纵横／泪冠任选,1688.0,search,legend,8.494893,7.313951,6.073169,5.573483,14.871875,1.0,23.478,三目标成功局概率为明示假设，非官方掉率；默认目标须成功带出。
三幻神专区,指定纵横或泪冠,1888.0,pressure,legend,26.318674,20.545198,29.942718,7.066484,40.792499,0.556,140.373333,三目标成功局概率为明示假设，非官方掉率；默认目标须成功带出。
三幻神专区,指定纵横或泪冠,1888.0,base,legend,20.861505,17.339138,15.490164,6.063504,47.418818,0.897333,82.034833,三目标成功局概率为明示假设，非官方掉率；默认目标须成功带出。
三幻神专区,指定纵横或泪冠,1888.0,search,legend,15.016663,12.93044,9.781207,5.677599,32.01314,0.991333,46.422167,三目标成功局概率为明示假设，非官方掉率；默认目标须成功带出。
三幻神专区,三件套,4288.0,pressure,legend,14.241264,11.116584,15.219031,7.640916,18.382833,0.372,172.573,三目标成功局概率为明示假设，非官方掉率；默认目标须成功带出。
三幻神专区,三件套,4288.0,base,legend,11.988804,9.963775,10.555356,4.998966,21.686922,0.858667,107.144833,三目标成功局概率为明示假设，非官方掉率；默认目标须成功带出。
三幻神专区,三件套,4288.0,search,legend,8.649191,7.44674,6.565308,4.663716,15.895117,0.990167,60.7995,三目标成功局概率为明示假设，非官方掉率；默认目标须成功带出。
白嫖单,4次上限,688.0,pressure,white,8.43797,6.590802,7.579124,4.204453,14.309861,1.0,16.344333,
白嫖单,4次上限,688.0,base,white,8.954039,7.441398,9.295925,4.629256,12.678775,1.0,12.834833,
白嫖单,4次上限,688.0,search,white,9.314553,8.021287,9.632337,6.431994,11.432386,1.0,10.471,
白嫖单,7次上限,988.0,pressure,white,6.555732,5.122981,5.733497,3.245484,11.118951,1.0,18.1955,
白嫖单,7次上限,988.0,base,white,7.668081,6.371009,7.182748,3.663429,12.347341,1.0,15.821,
白嫖单,7次上限,988.0,search,white,8.95629,7.711511,9.686753,5.052031,11.572138,1.0,14.475833,
白嫖单,9次上限,1688.0,pressure,white,5.220741,4.077141,4.724552,2.751169,8.42517,1.0,24.834167,
白嫖单,9次上限,1688.0,base,white,6.285292,5.222537,6.087532,3.344296,9.478331,1.0,22.136167,
白嫖单,9次上限,1688.0,search,white,7.313746,6.296662,7.76984,4.845964,8.838314,1.0,20.234167,
白嫖单,无限次数,2888.0,pressure,white,3.297278,2.575323,2.983724,1.762998,5.253463,1.0,26.825667,
白嫖单,无限次数,2888.0,base,white,4.203105,3.492621,3.897984,2.174511,6.658153,1.0,25.325833,
白嫖单,无限次数,2888.0,search,white,6.449241,5.552016,5.934703,3.213026,10.410214,1.0,30.5555,
九九归一,基础版,488.0,pressure,nine,17.597285,13.726583,17.368487,12.61569,22.78431,1.0,24.337333,
九九归一,基础版,488.0,base,nine,11.586021,9.630877,11.121094,7.607755,16.110146,1.0,11.767,
九九归一,基础版,488.0,search,nine,9.408216,8.104378,8.837616,5.895564,13.767448,1.0,7.485,
九九归一,进阶版,888.0,pressure,nine,15.325676,11.962478,15.189466,11.88229,18.884243,1.0,38.462,
九九归一,进阶版,888.0,base,nine,9.86709,8.201515,9.686202,7.09118,12.822869,1.0,18.217667,
九九归一,进阶版,888.0,search,nine,7.823428,6.736146,7.521435,5.28847,10.770446,1.0,11.369,
九九归一,困难版,1488.0,pressure,nine,22.848324,17.827597,22.74529,18.546212,27.238996,0.999833,96.264333,
九九归一,困难版,1488.0,base,nine,12.604181,10.474601,12.530488,9.770072,15.607626,1.0,39.0965,
九九归一,困难版,1488.0,search,nine,9.192314,7.914639,9.031178,6.832828,11.826527,1.0,22.384,
秋日限定保底,轻享1,79.0,pressure,fixed,20.238485,15.812735,19.041506,11.685635,30.248093,1.0,4.496,
秋日限定保底,轻享1,79.0,base,fixed,15.758987,13.102539,14.730193,9.884265,23.657665,1.0,2.584,
秋日限定保底,轻享1,79.0,search,fixed,13.894314,11.959839,13.442836,8.742792,19.642852,1.0,1.807333,
秋日限定保底,轻享2,148.0,pressure,fixed,13.980335,10.912332,13.622693,9.413793,20.177385,1.0,5.844833,
秋日限定保底,轻享2,148.0,base,fixed,11.332939,9.422075,11.200555,7.679962,15.518555,1.0,3.484833,
秋日限定保底,轻享2,148.0,search,fixed,10.312834,8.880722,9.972573,7.228673,14.099339,1.0,2.501333,
秋日限定保底,轻享3,268.0,pressure,fixed,12.075171,9.438099,11.677824,8.76603,15.953333,1.0,9.072667,
秋日限定保底,轻享3,268.0,base,fixed,10.717899,8.911614,10.516164,8.672419,13.233704,1.0,5.964167,
秋日限定保底,轻享3,268.0,search,fixed,9.903111,8.532083,9.697869,8.092921,11.92656,1.0,4.319,
秋日限定保底,轻享4,399.0,pressure,fixed,11.0256,8.615292,10.74697,8.811029,13.597463,1.0,12.361333,
秋日限定保底,轻享4,399.0,base,fixed,9.819547,8.16255,9.653978,8.301718,11.598418,1.0,8.153,
秋日限定保底,轻享4,399.0,search,fixed,9.186871,7.914189,9.068741,8.002651,10.534519,1.0,5.974833,
秋日限定保底,轻享5,688.0,pressure,fixed,10.856381,8.475248,10.691949,9.284212,12.642879,1.0,21.0795,
秋日限定保底,轻享5,688.0,base,fixed,9.752914,8.106398,9.662261,8.785166,10.844028,1.0,13.9665,
秋日限定保底,轻享5,688.0,search,fixed,9.211845,7.932815,9.148301,8.483094,10.037975,1.0,10.359833,
秋日限定保底,轻享6,888.0,pressure,fixed,10.594648,8.264317,10.468359,9.293256,12.072398,1.0,26.665167,
秋日限定保底,轻享6,888.0,base,fixed,9.574335,7.956648,9.491011,8.782092,10.490984,1.0,17.703667,
秋日限定保底,轻享6,888.0,search,fixed,9.06568,7.805541,9.016448,8.486882,9.706938,1.0,13.174667,
秋日限定保底,轻享7,1388.0,pressure,fixed,9.958921,7.772246,9.863845,8.989749,11.033301,1.0,39.093333,
秋日限定保底,轻享7,1388.0,base,fixed,9.037888,7.511145,8.996431,8.474565,9.653759,1.0,26.128667,
秋日限定保底,轻享7,1388.0,search,fixed,8.583774,7.39026,8.554125,8.191809,9.016605,1.0,19.51,
秋日限定保底,顶级1,188.0,pressure,fixed,10.937791,8.538609,10.663014,7.364763,15.826517,1.0,5.804333,双倒/开卡/清图赠送未设虚构发生率；仅计算常规保底部分，是保守机制下界。
秋日限定保底,顶级1,188.0,base,fixed,8.858881,7.365071,8.777288,6.029773,12.113235,1.0,3.460667,双倒/开卡/清图赠送未设虚构发生率；仅计算常规保底部分，是保守机制下界。
秋日限定保底,顶级1,188.0,search,fixed,7.99945,6.888403,7.761477,5.628561,11.010118,1.0,2.465167,双倒/开卡/清图赠送未设虚构发生率；仅计算常规保底部分，是保守机制下界。
秋日限定保底,顶级2,388.0,pressure,fixed,7.882357,6.161558,7.627788,5.708261,10.44737,1.0,8.5695,双倒/开卡/清图赠送未设虚构发生率；仅计算常规保底部分，是保守机制下界。
秋日限定保底,顶级2,388.0,base,fixed,6.942321,5.773387,6.806275,5.373745,8.607782,1.0,5.586,双倒/开卡/清图赠送未设虚构发生率；仅计算常规保底部分，是保守机制下界。
秋日限定保底,顶级2,388.0,search,fixed,6.457709,5.562885,6.356442,5.35045,7.786932,1.0,4.084833,双倒/开卡/清图赠送未设虚构发生率；仅计算常规保底部分，是保守机制下界。
秋日限定保底,顶级3,488.0,pressure,fixed,8.743537,6.833658,8.49439,6.924181,10.826187,1.0,11.974,双倒/开卡/清图赠送未设虚构发生率；仅计算常规保底部分，是保守机制下界。
秋日限定保底,顶级3,488.0,base,fixed,7.763023,6.453252,7.629362,6.479109,9.215306,1.0,7.880833,双倒/开卡/清图赠送未设虚构发生率；仅计算常规保底部分，是保守机制下界。
秋日限定保底,顶级3,488.0,search,fixed,7.277714,6.269343,7.191194,6.350629,8.358287,1.0,5.792667,双倒/开卡/清图赠送未设虚构发生率；仅计算常规保底部分，是保守机制下界。
秋日限定保底,顶级4,888.0,pressure,fixed,7.510675,5.863966,7.380401,6.340359,8.838454,1.0,18.8135,双倒/开卡/清图赠送未设虚构发生率；仅计算常规保底部分，是保守机制下界。
秋日限定保底,顶级4,888.0,base,fixed,6.739986,5.602509,6.668319,6.002896,7.567554,1.0,12.453333,双倒/开卡/清图赠送未设虚构发生率；仅计算常规保底部分，是保守机制下界。
秋日限定保底,顶级4,888.0,search,fixed,6.344235,5.464562,6.297076,5.799514,6.962888,1.0,9.189667,双倒/开卡/清图赠送未设虚构发生率；仅计算常规保底部分，是保守机制下界。
秋日限定保底,顶级5,1688.0,pressure,fixed,7.562859,5.903234,7.492163,6.797754,8.437651,1.0,36.071333,双倒/开卡/清图赠送未设虚构发生率；仅计算常规保底部分，是保守机制下界。
秋日限定保底,顶级5,1688.0,base,fixed,6.856963,5.699035,6.818237,6.402913,7.367488,1.0,24.0925,双倒/开卡/清图赠送未设虚构发生率；仅计算常规保底部分，是保守机制下界。
秋日限定保底,顶级5,1688.0,search,fixed,6.508489,5.603992,6.483222,6.189959,6.864824,1.0,17.978667,双倒/开卡/清图赠送未设虚构发生率；仅计算常规保底部分，是保守机制下界。
秋日限定保底,魔王1,288.0,pressure,fixed,7.856766,6.130088,7.4705,4.917854,11.592283,1.0,6.406667,双倒/开卡/清图赠送未设虚构发生率；仅计算常规保底部分，是保守机制下界。
秋日限定保底,魔王1,288.0,base,fixed,6.132528,5.099032,6.016059,4.006625,8.608066,1.0,3.668333,双倒/开卡/清图赠送未设虚构发生率；仅计算常规保底部分，是保守机制下界。
秋日限定保底,魔王1,288.0,search,fixed,5.436142,4.680572,5.227219,3.718593,7.414512,1.0,2.569667,双倒/开卡/清图赠送未设虚构发生率；仅计算常规保底部分，是保守机制下界。
秋日限定保底,魔王2,788.0,pressure,fixed,6.193756,4.837851,5.954547,4.642408,8.035436,1.0,13.738833,双倒/开卡/清图赠送未设虚构发生率；仅计算常规保底部分，是保守机制下界。
秋日限定保底,魔王2,788.0,base,fixed,5.214489,4.335834,5.114073,4.328649,6.234599,1.0,8.531333,双倒/开卡/清图赠送未设虚构发生率；仅计算常规保底部分，是保守机制下界。
秋日限定保底,魔王2,788.0,search,fixed,4.754325,4.09546,4.681274,4.096269,5.48962,1.0,6.109333,双倒/开卡/清图赠送未设虚构发生率；仅计算常规保底部分，是保守机制下界。
秋日限定保底,魔王3,1088.0,pressure,fixed,6.944023,5.420577,6.754899,5.562153,8.549615,1.0,21.328333,双倒/开卡/清图赠送未设虚构发生率；仅计算常规保底部分，是保守机制下界。
秋日限定保底,魔王3,1088.0,base,fixed,5.900226,4.904429,5.82498,5.155451,6.736324,1.0,13.357667,双倒/开卡/清图赠送未设虚构发生率；仅计算常规保底部分，是保守机制下界。
秋日限定保底,魔王3,1088.0,search,fixed,5.41771,4.665941,5.367847,4.909692,5.992802,1.0,9.626833,双倒/开卡/清图赠送未设虚构发生率；仅计算常规保底部分，是保守机制下界。
保底出红单,同格数2件,288.0,pressure,pairs,39.651507,30.938469,35.494224,13.83524,71.26024,1.0,32.327,海报8.19–9.20已过期、续期未知；同种配对使用有限类别模型。
保底出红单,同格数2件,288.0,base,pairs,18.372789,15.27545,16.198512,7.436892,32.001592,1.0,10.988167,海报8.19–9.20已过期、续期未知；同种配对使用有限类别模型。
保底出红单,同格数2件,288.0,search,pairs,12.522605,10.792341,10.921855,6.031804,21.265467,1.0,5.853,海报8.19–9.20已过期、续期未知；同种配对使用有限类别模型。
保底出红单,同格数2组,520.0,pressure,pairs,37.535308,29.270229,34.997524,17.817118,60.49691,0.9995,55.443667,海报8.19–9.20已过期、续期未知；同种配对使用有限类别模型。
保底出红单,同格数2组,520.0,base,pairs,16.983302,14.114506,15.732794,8.33128,27.100109,1.0,18.387667,海报8.19–9.20已过期、续期未知；同种配对使用有限类别模型。
保底出红单,同格数2组,520.0,search,pairs,11.290726,9.722294,10.206902,6.555044,17.508595,1.0,9.6065,海报8.19–9.20已过期、续期未知；同种配对使用有限类别模型。
保底出红单,同种1对,777.0,pressure,pairs,22.340212,17.427127,20.361204,7.947592,39.0069,0.999333,49.221667,海报8.19–9.20已过期、续期未知；同种配对使用有限类别模型。
保底出红单,同种1对,777.0,base,pairs,10.26598,8.5333,9.206815,4.662393,17.586149,1.0,16.5885,海报8.19–9.20已过期、续期未知；同种配对使用有限类别模型。
保底出红单,同种1对,777.0,search,pairs,6.95407,5.989251,5.929467,4.068996,11.183771,1.0,8.829,海报8.19–9.20已过期、续期未知；同种配对使用有限类别模型。
保底出红单,同种2对,1314.0,pressure,pairs,20.577269,16.055974,19.563032,10.425096,32.161918,0.996333,76.565833,海报8.19–9.20已过期、续期未知；同种配对使用有限类别模型。
保底出红单,同种2对,1314.0,base,pairs,9.417985,7.82636,8.779595,5.35499,14.302071,1.0,25.789,海报8.19–9.20已过期、续期未知；同种配对使用有限类别模型。
保底出红单,同种2对,1314.0,search,pairs,6.411368,5.520245,5.63826,4.695972,9.205433,1.0,13.7975,海报8.19–9.20已过期、续期未知；同种配对使用有限类别模型。
保底出红单,6格＋9格各一对,7777.0,pressure,unmodeled,,,,,,,,7777档基础币量未核且旧活动过期，不猜目标。
保底出红单,6格＋9格各一对,7777.0,base,unmodeled,,,,,,,,7777档基础币量未核且旧活动过期，不猜目标。
保底出红单,6格＋9格各一对,7777.0,search,unmodeled,,,,,,,,7777档基础币量未核且旧活动过期，不猜目标。
五子棋,基础玩法,388.0,pressure,unmodeled,,,,,,,,棋力、落子策略、多步顺序未定，不能设一个任意胜率冒充完整模型。
五子棋,基础玩法,388.0,base,unmodeled,,,,,,,,棋力、落子策略、多步顺序未定，不能设一个任意胜率冒充完整模型。
五子棋,基础玩法,388.0,search,unmodeled,,,,,,,,棋力、落子策略、多步顺序未定，不能设一个任意胜率冒充完整模型。
永恒之塔,10层,388.0,pressure,tower,16.500771,12.87801,13.085773,6.393576,30.948348,1.0,18.103333,
永恒之塔,10层,388.0,base,tower,8.539795,7.100995,7.566373,5.003485,13.351112,1.0,6.878333,
永恒之塔,10层,388.0,search,tower,7.292575,6.283652,6.646942,4.700289,10.724552,1.0,4.606167,
永恒之塔,20层,688.0,pressure,tower,25.485542,19.890972,20.313143,7.98398,51.76552,0.986,49.570667,
永恒之塔,20层,688.0,base,tower,8.458807,7.03206,7.477843,5.216499,13.031787,1.0,12.1005,
永恒之塔,20层,688.0,search,tower,6.712294,5.782486,6.163735,4.773901,9.420771,1.0,7.524667,
永恒之塔,30层,988.0,pressure,tower,30.078183,23.475008,25.766712,9.699483,58.837898,0.899167,84.034833,
永恒之塔,30层,988.0,base,tower,8.412662,6.992246,7.613355,5.391927,12.514056,1.0,17.295833,
永恒之塔,30层,988.0,search,tower,6.501068,5.598994,6.020969,4.897414,8.803152,1.0,10.485,
永恒之塔,50层,1520.0,pressure,tower,31.332015,24.45554,34.633759,13.313449,45.114427,0.636833,134.6285,
永恒之塔,50层,1520.0,base,tower,8.682185,7.217237,8.089289,6.02005,12.203705,1.0,27.430167,
永恒之塔,50层,1520.0,search,tower,6.678321,5.750217,6.285057,5.454109,8.487263,1.0,16.610333,
新用户专属,机密低档,68.0,pressure,fixed,14.189538,10.706981,13.877096,9.687918,20.018788,1.0,3.843833,新客资格未确认，不参加默认可购排序。
新用户专属,机密低档,68.0,base,fixed,11.554385,9.318358,11.451511,7.951958,15.566315,1.0,2.689167,新客资格未确认，不参加默认可购排序。
新用户专属,机密低档,68.0,search,fixed,10.748805,9.120013,10.354997,7.565812,14.644736,1.0,2.0975,新客资格未确认，不参加默认可购排序。
新用户专属,机密高档,118.0,pressure,fixed,10.817749,8.157953,10.206171,8.15494,14.428184,1.0,5.096,新客资格未确认，不参加默认可购排序。
新用户专属,机密高档,118.0,base,fixed,9.445842,7.621086,9.10753,7.357934,12.100185,1.0,3.8045,新客资格未确认，不参加默认可购排序。
新用户专属,机密高档,118.0,search,fixed,8.990446,7.628629,8.749256,7.168932,10.991976,1.0,3.041333,新客资格未确认，不参加默认可购排序。
新用户专属,绝密低档,118.0,pressure,fixed,14.928686,11.65113,13.513365,8.270081,21.760703,1.0,4.980333,新客资格未确认，不参加默认可购排序。
新用户专属,绝密低档,118.0,base,fixed,12.4099,10.313854,11.061971,7.443894,17.248111,1.0,3.049833,新客资格未确认，不参加默认可购排序。
新用户专属,绝密低档,118.0,search,fixed,11.468693,9.872077,11.02973,8.433558,15.498162,1.0,2.227,新客资格未确认，不参加默认可购排序。
新用户专属,绝密中档,228.0,pressure,fixed,10.231565,7.987535,9.906235,6.601633,14.468037,1.0,6.585,新客资格未确认，不参加默认可购排序。
新用户专属,绝密中档,228.0,base,fixed,9.134039,7.595862,8.725237,7.06929,11.863354,1.0,4.317833,新客资格未确认，不参加默认可购排序。
新用户专属,绝密中档,228.0,search,fixed,8.175637,7.041238,7.892637,6.254966,10.460817,1.0,3.0485,新客资格未确认，不参加默认可购排序。
新用户专属,绝密高档,278.0,pressure,fixed,10.238601,8.002016,9.702378,7.458481,13.741076,1.0,7.983667,新客资格未确认，不参加默认可购排序。
新用户专属,绝密高档,278.0,base,fixed,8.741783,7.268403,8.530349,6.776126,11.071153,1.0,5.045833,新客资格未确认，不参加默认可购排序。
新用户专属,绝密高档,278.0,search,fixed,8.248334,7.104085,7.993613,6.538086,10.141481,1.0,3.747667,新客资格未确认，不参加默认可购排序。
机密专区,机密体验,99.0,pressure,fixed,12.893882,9.72362,12.164931,9.72003,17.197229,1.0,5.096,
机密专区,机密体验,99.0,base,fixed,11.258681,9.083718,10.85544,8.770063,14.422443,1.0,3.8045,
机密专区,机密体验,99.0,search,fixed,10.715885,9.092709,10.428406,8.544788,13.101548,1.0,3.041333,
机密专区,护航低档,68.0,pressure,fixed,14.189538,10.706981,13.877096,9.687918,20.018788,1.0,3.843833,
机密专区,护航低档,68.0,base,fixed,11.554385,9.318358,11.451511,7.951958,15.566315,1.0,2.689167,
机密专区,护航低档,68.0,search,fixed,10.748805,9.120013,10.354997,7.565812,14.644736,1.0,2.0975,
机密专区,护航中档,99.0,pressure,fixed,11.733051,8.848564,11.256776,7.725767,16.049746,1.0,4.636833,
机密专区,护航中档,99.0,base,fixed,10.253376,8.274427,9.756033,7.90894,13.376745,1.0,3.462833,
机密专区,护航中档,99.0,search,fixed,9.712797,8.24392,9.513965,7.416232,12.276341,1.0,2.751333,
机密专区,护航高档,199.0,pressure,fixed,10.854861,8.182072,10.627891,8.92722,13.166873,1.0,8.630333,
机密专区,护航高档,199.0,base,fixed,9.979445,8.05366,9.812981,8.622261,11.630805,1.0,6.766167,
机密专区,护航高档,199.0,search,fixed,9.474919,8.037244,9.34873,8.375079,10.745376,1.0,5.411667,
机密专区,作战低档,168.0,pressure,fixed,8.80504,6.640196,8.5411,6.610341,11.434372,1.0,5.905167,当前只算原保底部分，不猜老板击杀/救人和额外战损。
机密专区,作战低档,168.0,base,fixed,8.160203,6.58932,7.988366,6.618079,10.044723,1.0,4.6625,当前只算原保底部分，不猜老板击杀/救人和额外战损。
机密专区,作战低档,168.0,search,fixed,7.598458,6.448286,7.433309,6.235218,9.101252,1.0,3.656167,当前只算原保底部分，不猜老板击杀/救人和额外战损。
机密专区,作战高档,438.0,pressure,fixed,8.543171,6.432102,8.434997,7.551575,9.666626,1.0,15.006333,当前只算原保底部分，不猜老板击杀/救人和额外战损。
机密专区,作战高档,438.0,base,fixed,7.956317,6.419697,7.885633,7.283076,8.749163,1.0,11.8765,当前只算原保底部分，不猜老板击杀/救人和额外战损。
机密专区,作战高档,438.0,search,fixed,7.62548,6.465851,7.56968,7.085271,8.224689,1.0,9.605167,当前只算原保底部分，不猜老板击杀/救人和额外战损。
机密专区,技术单陪,70.0,pressure,hourly,10.702604,8.064217,9.805886,0.428571,21.998605,1.0,3.0,统一1小时分母、每小时3局、含整备平均20分钟/局仅是假设。
机密专区,技术单陪,70.0,base,hourly,12.552042,10.126781,12.393158,3.51998,21.37304,1.0,3.0,统一1小时分母、每小时3局、含整备平均20分钟/局仅是假设。
机密专区,技术单陪,70.0,search,hourly,14.94595,12.682979,14.932426,7.623374,22.098368,1.0,3.0,统一1小时分母、每小时3局、含整备平均20分钟/局仅是假设。
机密专区,技术双陪,120.0,pressure,hourly,6.243186,4.704127,5.7201,0.25,12.83252,1.0,3.0,统一1小时分母、每小时3局、含整备平均20分钟/局仅是假设。
机密专区,技术双陪,120.0,base,hourly,7.322025,5.907289,7.229342,2.053322,12.467607,1.0,3.0,统一1小时分母、每小时3局、含整备平均20分钟/局仅是假设。
机密专区,技术双陪,120.0,search,hourly,8.718471,7.398405,8.710582,4.446968,12.890715,1.0,3.0,统一1小时分母、每小时3局、含整备平均20分钟/局仅是假设。
机密专区,顶级单陪,100.0,pressure,hourly,7.491823,5.644952,6.86412,0.3,15.399024,1.0,3.0,统一1小时分母、每小时3局、含整备平均20分钟/局仅是假设。
机密专区,顶级单陪,100.0,base,hourly,8.786429,7.088747,8.675211,2.463986,14.961128,1.0,3.0,统一1小时分母、每小时3局、含整备平均20分钟/局仅是假设。
机密专区,顶级单陪,100.0,search,hourly,10.462165,8.878085,10.452698,5.336362,15.468858,1.0,3.0,统一1小时分母、每小时3局、含整备平均20分钟/局仅是假设。
机密专区,顶级双陪,180.0,pressure,hourly,4.162124,3.136085,3.8134,0.166667,8.555013,1.0,3.0,统一1小时分母、每小时3局、含整备平均20分钟/局仅是假设。未完整计补物资/补时退款，仅给计时收益参考。
机密专区,顶级双陪,180.0,base,hourly,4.88135,3.938193,4.819561,1.368881,8.311738,1.0,3.0,统一1小时分母、每小时3局、含整备平均20分钟/局仅是假设。未完整计补物资/补时退款，仅给计时收益参考。
机密专区,顶级双陪,180.0,search,hourly,5.812314,4.93227,5.807054,2.964645,8.59381,1.0,3.0,统一1小时分母、每小时3局、含整备平均20分钟/局仅是假设。未完整计补物资/补时退款，仅给计时收益参考。
机密专区,魔王单陪,120.0,pressure,hourly,6.243186,4.704127,5.7201,0.25,12.83252,1.0,3.0,统一1小时分母、每小时3局、含整备平均20分钟/局仅是假设。
机密专区,魔王单陪,120.0,base,hourly,7.322025,5.907289,7.229342,2.053322,12.467607,1.0,3.0,统一1小时分母、每小时3局、含整备平均20分钟/局仅是假设。
机密专区,魔王单陪,120.0,search,hourly,8.718471,7.398405,8.710582,4.446968,12.890715,1.0,3.0,统一1小时分母、每小时3局、含整备平均20分钟/局仅是假设。
我要亿万哈夫币,基础·巴克什／监狱,488.0,pressure,billion,26.412069,20.611425,26.260667,18.398286,34.589023,1.0,36.462833,
我要亿万哈夫币,基础·巴克什／监狱,488.0,base,billion,19.657004,16.335855,19.407431,13.656977,26.021082,1.0,19.974,
我要亿万哈夫币,基础·巴克什／监狱,488.0,search,billion,15.270859,13.14766,15.112475,10.636075,20.064331,1.0,12.208,
我要亿万哈夫币,基础·航天,588.0,pressure,billion,21.897117,17.087469,21.76087,15.240009,28.705324,1.0,36.431333,
我要亿万哈夫币,基础·航天,588.0,base,billion,16.433985,13.657065,16.253208,11.39882,21.738663,1.0,20.1235,
我要亿万哈夫币,基础·航天,588.0,search,billion,13.343194,11.4879,13.184881,9.161931,17.71193,1.0,12.853667,
我要亿万哈夫币,困难·巴克什／监狱,888.0,pressure,billion,24.819538,19.360143,24.512661,17.327787,32.636909,1.0,62.507167,
我要亿万哈夫币,困难·巴克什／监狱,888.0,base,billion,18.619439,15.473262,18.377461,13.067553,24.420062,1.0,34.468167,
我要亿万哈夫币,困难·巴克什／监狱,888.0,search,billion,14.45222,12.445505,14.186298,10.254279,18.884766,1.0,20.9675,
我要亿万哈夫币,困难·航天,1088.0,pressure,billion,20.080269,15.66429,19.826857,14.080106,26.368032,1.0,61.9425,
我要亿万哈夫币,困难·航天,1088.0,base,billion,15.13175,12.574527,14.961398,10.638392,19.825444,1.0,34.328833,
我要亿万哈夫币,困难·航天,1088.0,search,billion,11.801646,10.162661,11.666767,8.452041,15.296706,1.0,20.985667,
爽吃两亿,巴克什,688.0,pressure,twohundred,25.433912,19.854484,23.460041,14.487316,38.748411,0.999167,49.437,
爽吃两亿,巴克什,688.0,base,twohundred,13.152016,10.932153,11.981333,7.303286,20.283287,1.0,18.822,
爽吃两亿,巴克什,688.0,search,twohundred,12.532156,10.789498,11.195415,6.421781,20.282857,1.0,14.125167,
爽吃两亿,航天,788.0,pressure,twohundred,17.827802,13.912221,16.627323,10.983693,26.322539,1.0,39.758833,
爽吃两亿,航天,788.0,base,twohundred,12.192335,10.134002,11.253616,6.929745,18.63612,1.0,19.991667,
爽吃两亿,航天,788.0,search,twohundred,12.39784,10.672348,11.119389,6.314919,20.151303,1.0,16.031167,
爽吃两亿,监狱,738.0,pressure,twohundred,22.296748,17.40275,20.53723,12.923871,33.689641,0.999667,46.526333,
爽吃两亿,监狱,738.0,base,twohundred,12.260958,10.191492,11.16959,6.808483,18.90908,1.0,18.822,
爽吃两亿,监狱,738.0,search,twohundred,9.886785,8.514341,8.830218,5.143664,15.846417,1.0,11.913333,
巴克什大王,任务套餐,788.0,pressure,maptask,18.159369,14.167302,16.940051,11.388399,26.327481,1.0,40.545667,访问/开卡/保险/BOSS概率和满卡次数为明示假设，不是实测地图数据。
巴克什大王,任务套餐,788.0,base,maptask,14.333779,11.913353,13.694783,8.57489,20.575429,1.0,23.513667,访问/开卡/保险/BOSS概率和满卡次数为明示假设，不是实测地图数据。
巴克什大王,任务套餐,788.0,search,maptask,12.801842,11.021739,12.323929,8.279708,17.663647,1.0,16.5215,访问/开卡/保险/BOSS概率和满卡次数为明示假设，不是实测地图数据。
典狱长阁下,任务套餐,1088.0,pressure,maptask,37.364944,29.169299,36.250089,29.93003,45.915265,0.9885,114.812333,访问/开卡/保险/BOSS概率和满卡次数为明示假设，不是实测地图数据。
典狱长阁下,任务套餐,1088.0,base,maptask,17.604647,14.63003,16.541799,13.811265,22.645541,1.0,39.931167,访问/开卡/保险/BOSS概率和满卡次数为明示假设，不是实测地图数据。
典狱长阁下,任务套餐,1088.0,search,maptask,12.293588,10.584717,11.315821,9.201543,16.468577,1.0,21.903833,访问/开卡/保险/BOSS概率和满卡次数为明示假设，不是实测地图数据。
体验单,机密体验,118.0,pressure,fixed,9.843831,7.423795,9.444245,6.481788,13.465465,1.0,4.636833,
体验单,机密体验,118.0,base,fixed,8.602409,6.942104,8.185146,6.635467,11.222862,1.0,3.462833,
体验单,机密体验,118.0,search,fixed,8.148872,6.916509,7.982055,6.222093,10.299642,1.0,2.751333,
体验单,绝密体验1,188.0,pressure,fixed,11.424104,8.91553,11.075533,7.622074,16.361126,1.0,6.072667,
体验单,绝密体验1,188.0,base,fixed,9.579649,7.967843,9.444441,6.389808,13.058644,1.0,3.7305,
体验单,绝密体验1,188.0,search,fixed,9.075086,7.816326,8.819877,6.131454,11.836311,1.0,2.785667,
体验单,绝密体验2,288.0,pressure,fixed,9.883094,7.724168,9.36549,7.199506,13.263955,1.0,7.983667,
体验单,绝密体验2,288.0,base,fixed,8.438249,7.016028,8.234157,6.540844,10.686738,1.0,5.045833,
体验单,绝密体验2,288.0,search,fixed,7.961934,6.857415,7.716057,6.31107,9.789346,1.0,3.747667,
体验单,绝密单局,168.0,pressure,fixed,9.840415,7.694209,9.107462,5.638589,14.487139,1.0,4.630167,
体验单,绝密单局,168.0,base,fixed,9.353197,7.776161,7.851828,5.129157,14.471071,1.0,3.265,
体验单,绝密单局,168.0,search,fixed,10.120567,8.711423,8.887512,5.987064,16.417988,1.0,2.796333,
体验单,机密双护,158.0,pressure,fixed,7.351722,5.544353,7.053297,4.840829,10.056487,1.0,4.636833,
体验单,机密双护,158.0,base,fixed,6.424584,5.18461,6.112957,4.955602,8.381631,1.0,3.462833,
体验单,机密双护,158.0,search,fixed,6.085866,5.165494,5.961282,4.646879,7.692138,1.0,2.751333,
体验单,绝密双护1,228.0,pressure,fixed,9.074954,7.083443,8.842801,6.110708,13.0976,1.0,5.844833,
体验单,绝密双护1,228.0,base,fixed,7.356469,6.116084,7.270536,4.985239,10.073448,1.0,3.484833,
体验单,绝密双护1,228.0,search,fixed,6.694296,5.764679,6.473425,4.692296,9.152202,1.0,2.501333,
体验单,绝密双护2,398.0,pressure,fixed,8.005916,6.258617,7.755809,5.806045,10.55672,1.0,8.925167,
体验单,绝密双护2,398.0,base,fixed,7.126874,5.926249,6.99838,5.748915,8.823674,1.0,5.887,
体验单,绝密双护2,398.0,search,fixed,6.548744,5.64184,6.414553,5.369507,7.914008,1.0,4.243833,
体验单,绝密双护3,988.0,pressure,fixed,6.880173,5.371115,6.764747,5.828388,8.071525,1.0,19.186,
体验单,绝密双护3,988.0,base,fixed,6.179347,5.136333,6.107173,5.514159,6.941655,1.0,12.7065,
体验单,绝密双护3,988.0,search,fixed,5.827887,5.019495,5.780656,5.336679,6.392317,1.0,9.397667,
体验单,绝密双护4,1888.0,pressure,fixed,6.761708,5.277891,6.698501,6.077653,7.543832,1.0,36.071333,
体验单,绝密双护4,1888.0,base,fixed,6.13059,5.095324,6.095966,5.724638,6.587033,1.0,24.0925,
体验单,绝密双护4,1888.0,search,fixed,5.819031,5.010348,5.79644,5.534243,6.137618,1.0,17.978667,
体验单,附表机密娱乐,50.0,pressure,hourly,14.983645,11.289904,13.728241,0.6,30.798048,1.0,3.0,统一1小时分母、每小时3局、含整备平均20分钟/局仅是假设。
体验单,附表机密娱乐,50.0,base,hourly,17.572859,14.177493,17.350421,4.927973,29.922256,1.0,3.0,统一1小时分母、每小时3局、含整备平均20分钟/局仅是假设。
体验单,附表机密娱乐,50.0,search,hourly,20.924331,17.756171,20.905396,10.672724,30.937715,1.0,3.0,统一1小时分母、每小时3局、含整备平均20分钟/局仅是假设。
体验单,附表机密技术,60.0,pressure,hourly,12.486371,9.408254,11.440201,0.5,25.66504,1.0,3.0,统一1小时分母、每小时3局、含整备平均20分钟/局仅是假设。
体验单,附表机密技术,60.0,base,hourly,14.644049,11.814578,14.458684,4.106644,24.935214,1.0,3.0,统一1小时分母、每小时3局、含整备平均20分钟/局仅是假设。
体验单,附表机密技术,60.0,search,hourly,17.436942,14.796809,17.421163,8.893936,25.781429,1.0,3.0,统一1小时分母、每小时3局、含整备平均20分钟/局仅是假设。
体验单,附表机密巅峰,80.0,pressure,hourly,9.364778,7.05619,8.580151,0.375,19.24878,1.0,3.0,统一1小时分母、每小时3局、含整备平均20分钟/局仅是假设。
体验单,附表机密巅峰,80.0,base,hourly,10.983037,8.860933,10.844013,3.079983,18.70141,1.0,3.0,统一1小时分母、每小时3局、含整备平均20分钟/局仅是假设。
体验单,附表机密巅峰,80.0,search,hourly,13.077707,11.097607,13.065873,6.670452,19.336072,1.0,3.0,统一1小时分母、每小时3局、含整备平均20分钟/局仅是假设。
体验单,附表机密魔王,100.0,pressure,hourly,7.491823,5.644952,6.86412,0.3,15.399024,1.0,3.0,统一1小时分母、每小时3局、含整备平均20分钟/局仅是假设。
体验单,附表机密魔王,100.0,base,hourly,8.786429,7.088747,8.675211,2.463986,14.961128,1.0,3.0,统一1小时分母、每小时3局、含整备平均20分钟/局仅是假设。
体验单,附表机密魔王,100.0,search,hourly,10.462165,8.878085,10.452698,5.336362,15.468858,1.0,3.0,统一1小时分母、每小时3局、含整备平均20分钟/局仅是假设。
体验单,附表绝密娱乐,70.0,pressure,hourly,15.178756,11.848507,13.021603,0.214286,35.549295,1.0,3.0,统一1小时分母、每小时3局、含整备平均20分钟/局仅是假设。
体验单,附表绝密娱乐,70.0,base,hourly,20.596417,17.120268,18.303103,1.357143,39.716099,1.0,3.0,统一1小时分母、每小时3局、含整备平均20分钟/局仅是假设。
体验单,附表绝密娱乐,70.0,search,hourly,26.233118,22.595028,25.887271,10.245348,42.547725,1.0,3.0,统一1小时分母、每小时3局、含整备平均20分钟/局仅是假设。
体验单,附表绝密技术,90.0,pressure,hourly,11.805699,9.215505,10.127913,0.166667,27.649452,1.0,3.0,统一1小时分母、每小时3局、含整备平均20分钟/局仅是假设。
体验单,附表绝密技术,90.0,base,hourly,16.019435,13.315764,14.235747,1.055556,30.890299,1.0,3.0,统一1小时分母、每小时3局、含整备平均20分钟/局仅是假设。
体验单,附表绝密技术,90.0,search,hourly,20.403536,17.573911,20.134544,7.968604,33.092675,1.0,3.0,统一1小时分母、每小时3局、含整备平均20分钟/局仅是假设。
体验单,附表绝密巅峰,110.0,pressure,hourly,9.659209,7.539959,8.286475,0.136364,22.622279,1.0,3.0,统一1小时分母、每小时3局、含整备平均20分钟/局仅是假设。
体验单,附表绝密巅峰,110.0,base,hourly,13.106811,10.894716,11.647429,0.863636,25.273881,1.0,3.0,统一1小时分母、每小时3局、含整备平均20分钟/局仅是假设。
体验单,附表绝密巅峰,110.0,search,hourly,16.693803,14.378654,16.473718,6.519767,27.075825,1.0,3.0,统一1小时分母、每小时3局、含整备平均20分钟/局仅是假设。
体验单,附表绝密魔王,130.0,pressure,hourly,8.173176,6.379965,7.011632,0.115385,19.141928,1.0,3.0,统一1小时分母、每小时3局、含整备平均20分钟/局仅是假设。
体验单,附表绝密魔王,130.0,base,hourly,11.090378,9.218606,9.855517,0.730769,21.385592,1.0,3.0,统一1小时分母、每小时3局、含整备平均20分钟/局仅是假设。
体验单,附表绝密魔王,130.0,search,hourly,14.125525,12.166553,13.9393,5.516726,22.910314,1.0,3.0,统一1小时分母、每小时3局、含整备平均20分钟/局仅是假设。
沙色保险,单局达标,188.0,pressure,sand,49.125091,38.341743,37.001079,12.975823,102.964276,1.0,26.106667,1/2/5局已核；同局2沙色概率与许愿率均为假设。
沙色保险,单局达标,188.0,base,sand,28.741393,23.885254,22.653897,8.501455,57.363895,1.0,11.262667,1/2/5局已核；同局2沙色概率与许愿率均为假设。
沙色保险,单局达标,188.0,search,sand,22.482239,19.361201,18.192502,5.92278,44.797841,1.0,6.9105,1/2/5局已核；同局2沙色概率与许愿率均为假设。
沙色保险,累计2局,358.0,pressure,sand,49.425509,38.577237,42.052955,18.425602,90.451728,0.997667,50.012167,1/2/5局已核；同局2沙色概率与许愿率均为假设。
沙色保险,累计2局,358.0,base,sand,28.653111,23.822993,24.936679,12.157417,50.513189,1.0,21.289667,1/2/5局已核；同局2沙色概率与许愿率均为假设。
沙色保险,累计2局,358.0,search,sand,22.275677,19.186037,19.716429,10.065383,37.305674,1.0,13.005833,1/2/5局已核；同局2沙色概率与许愿率均为假设。
沙色保险,累计5局,888.0,pressure,sand,47.149529,36.797185,45.691452,26.071381,70.970004,0.918,118.412667,1/2/5局已核；同局2沙色概率与许愿率均为假设。
沙色保险,累计5局,888.0,base,sand,27.719952,23.038366,26.169027,15.964116,41.356259,1.0,51.282333,1/2/5局已核；同局2沙色概率与许愿率均为假设。
沙色保险,累计5局,888.0,search,sand,21.204243,18.254682,20.201692,12.963014,30.881352,1.0,30.860833,1/2/5局已核；同局2沙色概率与许愿率均为假设。
监狱管理者,任务套餐,1888.0,pressure,maptask,29.711885,23.193237,29.681705,25.601175,33.775018,0.914,158.473667,访问/开卡/保险/BOSS概率和满卡次数为明示假设，不是实测地图数据。
监狱管理者,任务套餐,1888.0,base,maptask,13.416222,11.149909,13.217917,11.588178,15.305887,1.0,52.801167,访问/开卡/保险/BOSS概率和满卡次数为明示假设，不是实测地图数据。
监狱管理者,任务套餐,1888.0,search,maptask,9.602366,8.267225,9.266653,7.948043,11.666347,1.0,29.698333,访问/开卡/保险/BOSS概率和满卡次数为明示假设，不是实测地图数据。
海龟汤,基础版,348.0,pressure,turtle,8.898154,6.953059,8.747329,6.068015,11.822036,1.0,8.696167,
海龟汤,基础版,348.0,base,turtle,6.686669,5.561723,6.523347,4.720455,8.806036,1.0,4.821,
海龟汤,基础版,348.0,search,turtle,5.932073,5.11005,5.891729,4.267096,7.626294,1.0,3.368333,
海龟汤,大版,788.0,pressure,turtle,28.915602,22.570007,20.422763,5.443494,70.30181,0.9245,64.3995,
海龟汤,大版,788.0,base,turtle,6.726319,5.590925,5.258539,4.13699,11.416357,1.0,11.029333,
海龟汤,大版,788.0,search,turtle,4.690482,4.040176,4.517256,3.952962,5.507697,1.0,6.0345,
海龟汤,阶段版,1288.0,pressure,turtle,15.690303,12.248828,11.988129,5.627092,33.423793,0.958333,57.0665,
海龟汤,阶段版,1288.0,base,turtle,7.017969,5.833812,6.441061,4.284896,10.378578,1.0,18.798833,
海龟汤,阶段版,1288.0,search,turtle,5.039059,4.340353,4.828588,3.624529,6.703172,1.0,10.583167,
骰子大王,体验版,388.0,pressure,dice,13.356352,10.426666,9.903412,5.987957,24.947796,1.0,14.631167,
骰子大王,体验版,388.0,base,dice,9.631917,8.009389,7.686136,4.740638,17.130987,1.0,7.753,
骰子大王,体验版,388.0,search,dice,8.156308,7.026179,6.610896,4.029856,14.210867,1.0,5.157167,
骰子大王,尊享版,1188.0,pressure,dice,10.522811,8.213704,9.276939,4.78856,17.748445,1.0,35.3285,
骰子大王,尊享版,1188.0,base,dice,8.383773,6.968837,7.730559,4.552033,12.973018,1.0,20.724,
骰子大王,尊享版,1188.0,search,dice,7.570727,6.518968,7.055231,4.388816,11.479737,1.0,14.703167,
法外狂徒,击杀玩法,788.0,pressure,unmodeled,,,,,,,,加人头的方向未明确，暂不输出单一EV。
法外狂徒,击杀玩法,788.0,base,unmodeled,,,,,,,,加人头的方向未明确，暂不输出单一EV。
法外狂徒,击杀玩法,788.0,search,unmodeled,,,,,,,,加人头的方向未明确，暂不输出单一EV。
超级黑洞,航天4点,688.0,pressure,blackhole,10.251122,8.000159,9.09329,4.913218,17.199381,1.0,19.952167,q为收益覆盖率假设，非平均出生率；另计算q变化情景。
超级黑洞,航天4点,688.0,base,blackhole,8.735193,7.259428,7.864101,4.152839,14.536852,1.0,12.515333,q为收益覆盖率假设，非平均出生率；另计算q变化情景。
超级黑洞,航天4点,688.0,search,blackhole,7.815027,6.73185,7.16451,3.860861,12.733631,1.0,8.765167,q为收益覆盖率假设，非平均出生率；另计算q变化情景。
超级黑洞,航天5点,1288.0,pressure,blackhole,10.032522,7.829015,9.051816,4.572962,16.736563,1.0,36.556167,q为收益覆盖率假设，非平均出生率；另计算q变化情景。
超级黑洞,航天5点,1288.0,base,blackhole,8.865371,7.365943,8.049868,4.285045,14.667539,1.0,23.832167,q为收益覆盖率假设，非平均出生率；另计算q变化情景。
超级黑洞,航天5点,1288.0,search,blackhole,8.210138,7.068292,7.577268,4.053537,13.18123,1.0,17.325333,q为收益覆盖率假设，非平均出生率；另计算q变化情景。
超级黑洞,航天6点,2588.0,pressure,blackhole,9.143094,7.134288,8.316445,4.09903,15.387133,0.996333,66.978,q为收益覆盖率假设，非平均出生率；另计算q变化情景。
超级黑洞,航天6点,2588.0,base,blackhole,8.413047,6.990337,7.728481,4.058185,13.559819,1.0,45.454167,q为收益覆盖率假设，非平均出生率；另计算q变化情景。
超级黑洞,航天6点,2588.0,search,blackhole,7.8513,6.758944,7.291748,3.944043,12.432469,1.0,33.327167,q为收益覆盖率假设，非平均出生率；另计算q变化情景。
超级黑洞,航天7点,5888.0,pressure,blackhole,6.911839,5.395427,6.612432,3.097247,11.187037,0.889,114.953,q为收益覆盖率假设，非平均出生率；另计算q变化情景。
超级黑洞,航天7点,5888.0,base,blackhole,7.107227,5.906064,6.556507,3.281795,11.805853,0.981,87.296833,q为收益覆盖率假设，非平均出生率；另计算q变化情景。
超级黑洞,航天7点,5888.0,search,blackhole,6.673347,5.745608,6.182759,3.224231,10.789594,0.999667,64.358833,q为收益覆盖率假设，非平均出生率；另计算q变化情景。
超级黑洞,监狱8点,888.0,pressure,blackhole,8.757798,6.835207,7.697473,4.038339,14.924136,1.0,21.987333,q为收益覆盖率假设，非平均出生率；另计算q变化情景。
超级黑洞,监狱8点,888.0,base,blackhole,7.255255,6.030184,6.495896,3.317983,12.289546,1.0,13.4055,q为收益覆盖率假设，非平均出生率；另计算q变化情景。
超级黑洞,监狱8点,888.0,search,blackhole,6.455245,5.56071,5.879157,3.140937,10.732207,1.0,9.340833,q为收益覆盖率假设，非平均出生率；另计算q变化情景。
超级黑洞,监狱9点,1588.0,pressure,blackhole,7.84997,6.126807,7.043701,3.628853,13.212214,1.0,35.237,q为收益覆盖率假设，非平均出生率；另计算q变化情景。
超级黑洞,监狱9点,1588.0,base,blackhole,6.794954,5.645661,6.160204,3.333244,11.060614,1.0,22.5155,q为收益覆盖率假设，非平均出生率；另计算q变化情景。
超级黑洞,监狱9点,1588.0,search,blackhole,6.174719,5.316419,5.701168,3.118687,9.919579,1.0,16.053333,q为收益覆盖率假设，非平均出生率；另计算q变化情景。
超级黑洞,监狱11点,3388.0,pressure,blackhole,7.128092,5.562282,6.47748,3.12824,12.128258,0.993667,68.342333,q为收益覆盖率假设，非平均出生率；另计算q变化情景。
超级黑洞,监狱11点,3388.0,base,blackhole,6.391866,5.310886,5.855092,3.049194,10.396974,1.0,45.2155,q为收益覆盖率假设，非平均出生率；另计算q变化情景。
超级黑洞,监狱11点,3388.0,search,blackhole,5.910641,5.088228,5.495324,2.928548,9.456545,1.0,32.847833,q为收益覆盖率假设，非平均出生率；另计算q变化情景。
超级黑洞,监狱13点,9888.0,pressure,blackhole,4.729792,3.692385,4.797819,2.121757,7.179049,0.780833,132.061167,q为收益覆盖率假设，非平均出生率；另计算q变化情景。
超级黑洞,监狱13点,9888.0,base,blackhole,5.126149,4.259614,4.796739,2.207866,8.692175,0.9245,105.806,q为收益覆盖率假设，非平均出生率；另计算q变化情景。
超级黑洞,监狱13点,9888.0,search,blackhole,4.892806,4.212473,4.509058,2.169359,8.083187,0.990833,79.286333,q为收益覆盖率假设，非平均出生率；另计算q变化情景。
超级黑洞,巴克什5点,668.0,pressure,blackhole,10.947442,8.54207,9.652336,5.162133,18.481037,1.0,20.706167,q为收益覆盖率假设，非平均出生率；另计算q变化情景。
超级黑洞,巴克什5点,668.0,base,blackhole,9.317353,7.743558,8.368129,4.326339,15.638371,1.0,12.958333,q为收益覆盖率假设，非平均出生率；另计算q变化情景。
超级黑洞,巴克什5点,668.0,search,blackhole,8.373217,7.212915,7.635594,4.111937,13.773206,1.0,9.1145,q为收益覆盖率假设，非平均出生率；另计算q变化情景。
超级黑洞,巴克什7点,1188.0,pressure,blackhole,12.122668,9.457276,10.775584,5.26488,20.970758,1.0,40.8075,q为收益覆盖率假设，非平均出生率；另计算q变化情景。
超级黑洞,巴克什7点,1188.0,base,blackhole,10.819577,8.990362,9.781602,5.057653,18.100414,1.0,26.8135,q为收益覆盖率假设，非平均出生率；另计算q变化情景。
超级黑洞,巴克什7点,1188.0,search,blackhole,10.017892,8.623906,9.191669,4.797819,16.254618,1.0,19.515333,q为收益覆盖率假设，非平均出生率；另计算q变化情景。
超级黑洞,巴克什8点,2688.0,pressure,blackhole,8.91141,6.955226,8.094321,3.871773,15.134438,0.995167,67.713833,q为收益覆盖率假设，非平均出生率；另计算q变化情景。
超级黑洞,巴克什8点,2688.0,base,blackhole,8.236997,6.843815,7.583856,3.880037,13.321616,1.0,46.232333,q为收益覆盖率假设，非平均出生率；另计算q变化情景。
超级黑洞,巴克什8点,2688.0,search,blackhole,7.701576,6.630508,7.12659,3.808542,12.276548,1.0,33.9225,q为收益覆盖率假设，非平均出生率；另计算q变化情景。
超级黑洞,巴克什10点,6388.0,pressure,blackhole,7.099043,5.541977,7.085687,3.132603,10.990429,0.811333,128.0525,q为收益覆盖率假设，非平均出生率；另计算q变化情景。
超级黑洞,巴克什10点,6388.0,base,blackhole,7.777477,6.462626,7.262072,3.348456,13.258313,0.9325,103.721,q为收益覆盖率假设，非平均出生率；另计算q变化情景。
超级黑洞,巴克什10点,6388.0,search,blackhole,7.490703,6.449092,6.889506,3.327216,12.391988,0.991167,78.429333,q为收益覆盖率假设，非平均出生率；另计算q变化情景。
婚礼进行时,普通版,520.0,pressure,unmodeled,,,,,,,,并行/串行和部分头甲阶段逻辑未核，不能用任意通关局数替代。
婚礼进行时,普通版,520.0,base,unmodeled,,,,,,,,并行/串行和部分头甲阶段逻辑未核，不能用任意通关局数替代。
婚礼进行时,普通版,520.0,search,unmodeled,,,,,,,,并行/串行和部分头甲阶段逻辑未核，不能用任意通关局数替代。
婚礼进行时,高档,1314.0,pressure,unmodeled,,,,,,,,并行/串行和部分头甲阶段逻辑未核，不能用任意通关局数替代。
婚礼进行时,高档,1314.0,base,unmodeled,,,,,,,,并行/串行和部分头甲阶段逻辑未核，不能用任意通关局数替代。
婚礼进行时,高档,1314.0,search,unmodeled,,,,,,,,并行/串行和部分头甲阶段逻辑未核，不能用任意通关局数替代。
单双对弈,选单,388.0,pressure,parity,9.210837,7.184797,7.654973,3.984827,16.433563,1.0,10.128167,基线只延迟结单；另测未命中整局免费解释。
单双对弈,选单,388.0,base,parity,7.463444,6.208106,6.176465,3.280134,13.132974,1.0,5.9945,基线只延迟结单；另测未命中整局免费解释。
单双对弈,选单,388.0,search,parity,6.834336,5.88624,5.685334,3.581863,11.686794,1.0,4.331167,基线只延迟结单；另测未命中整局免费解释。
单双对弈,选双,388.0,pressure,parity,9.210837,7.184797,7.654973,3.984827,16.433563,1.0,10.128167,基线只延迟结单；另测未命中整局免费解释。
单双对弈,选双,388.0,base,parity,7.463444,6.208106,6.176465,3.280134,13.132974,1.0,5.9945,基线只延迟结单；另测未命中整局免费解释。
单双对弈,选双,388.0,search,parity,6.834336,5.88624,5.685334,3.581863,11.686794,1.0,4.331167,基线只延迟结单；另测未命中整局免费解释。
收手吧，阿祖,基础版,388.0,pressure,ancestor,12.207625,9.531631,12.598158,5.913237,17.285387,1.0,13.356833,默认首次成功立即收；另模拟等连续2次成功。
收手吧，阿祖,基础版,388.0,base,ancestor,12.420056,10.325679,12.610724,8.239938,15.75437,1.0,10.0215,默认首次成功立即收；另模拟等连续2次成功。
收手吧，阿祖,基础版,388.0,search,ancestor,12.310601,10.605723,12.324432,9.481396,15.020384,1.0,7.777167,默认首次成功立即收；另模拟等连续2次成功。
收手吧，阿祖,纯享版,788.0,pressure,ancestor,13.704682,10.689813,13.766075,10.587744,16.521936,1.0,30.620833,默认首次成功立即收；另模拟等连续2次成功。
收手吧，阿祖,纯享版,788.0,base,ancestor,13.108255,10.894248,13.190833,11.094318,14.853611,1.0,21.502333,默认首次成功立即收；另模拟等连续2次成功。
收手吧，阿祖,纯享版,788.0,search,ancestor,12.713057,10.946523,12.735257,11.292165,14.14486,1.0,16.385333,默认首次成功立即收；另模拟等连续2次成功。
bingo,3连,488.0,pressure,unmodeled,,,,,,,,已核3–10连；棋盘类别映射与赖子放置策略未建模，旧6.2作废。
bingo,3连,488.0,base,unmodeled,,,,,,,,已核3–10连；棋盘类别映射与赖子放置策略未建模，旧6.2作废。
bingo,3连,488.0,search,unmodeled,,,,,,,,已核3–10连；棋盘类别映射与赖子放置策略未建模，旧6.2作废。
bingo,4连,888.0,pressure,unmodeled,,,,,,,,已核3–10连；棋盘类别映射与赖子放置策略未建模，旧6.2作废。
bingo,4连,888.0,base,unmodeled,,,,,,,,已核3–10连；棋盘类别映射与赖子放置策略未建模，旧6.2作废。
bingo,4连,888.0,search,unmodeled,,,,,,,,已核3–10连；棋盘类别映射与赖子放置策略未建模，旧6.2作废。
bingo,5连,1488.0,pressure,unmodeled,,,,,,,,已核3–10连；棋盘类别映射与赖子放置策略未建模，旧6.2作废。
bingo,5连,1488.0,base,unmodeled,,,,,,,,已核3–10连；棋盘类别映射与赖子放置策略未建模，旧6.2作废。
bingo,5连,1488.0,search,unmodeled,,,,,,,,已核3–10连；棋盘类别映射与赖子放置策略未建模，旧6.2作废。
bingo,6连,2888.0,pressure,unmodeled,,,,,,,,已核3–10连；棋盘类别映射与赖子放置策略未建模，旧6.2作废。
bingo,6连,2888.0,base,unmodeled,,,,,,,,已核3–10连；棋盘类别映射与赖子放置策略未建模，旧6.2作废。
bingo,6连,2888.0,search,unmodeled,,,,,,,,已核3–10连；棋盘类别映射与赖子放置策略未建模，旧6.2作废。
bingo,7连,4888.0,pressure,unmodeled,,,,,,,,已核3–10连；棋盘类别映射与赖子放置策略未建模，旧6.2作废。
bingo,7连,4888.0,base,unmodeled,,,,,,,,已核3–10连；棋盘类别映射与赖子放置策略未建模，旧6.2作废。
bingo,7连,4888.0,search,unmodeled,,,,,,,,已核3–10连；棋盘类别映射与赖子放置策略未建模，旧6.2作废。
bingo,8连,7888.0,pressure,unmodeled,,,,,,,,已核3–10连；棋盘类别映射与赖子放置策略未建模，旧6.2作废。
bingo,8连,7888.0,base,unmodeled,,,,,,,,已核3–10连；棋盘类别映射与赖子放置策略未建模，旧6.2作废。
bingo,8连,7888.0,search,unmodeled,,,,,,,,已核3–10连；棋盘类别映射与赖子放置策略未建模，旧6.2作废。
bingo,9连,9888.0,pressure,unmodeled,,,,,,,,已核3–10连；棋盘类别映射与赖子放置策略未建模，旧6.2作废。
bingo,9连,9888.0,base,unmodeled,,,,,,,,已核3–10连；棋盘类别映射与赖子放置策略未建模，旧6.2作废。
bingo,9连,9888.0,search,unmodeled,,,,,,,,已核3–10连；棋盘类别映射与赖子放置策略未建模，旧6.2作废。
bingo,10连,11888.0,pressure,unmodeled,,,,,,,,已核3–10连；棋盘类别映射与赖子放置策略未建模，旧6.2作废。
bingo,10连,11888.0,base,unmodeled,,,,,,,,已核3–10连；棋盘类别映射与赖子放置策略未建模，旧6.2作废。
bingo,10连,11888.0,search,unmodeled,,,,,,,,已核3–10连；棋盘类别映射与赖子放置策略未建模，旧6.2作废。
小小巨人,Part 1 小巨人,399.0,pressure,giant,18.871674,14.733021,13.871231,6.372152,38.037969,1.0,21.254667,
小小巨人,Part 1 小巨人,399.0,base,giant,9.011584,7.490967,7.611697,4.869429,14.88356,1.0,7.479333,
小小巨人,Part 1 小巨人,399.0,search,giant,8.59603,7.406978,7.269639,4.900709,13.793093,1.0,5.575667,
小小巨人,Part 2 小小巨人,1999.0,pressure,giant,18.745651,14.630039,16.964074,4.989832,33.24355,0.7,105.972667,
小小巨人,Part 2 小小巨人,1999.0,base,giant,12.22372,10.158654,9.447674,4.532671,24.16741,0.983167,50.923667,
小小巨人,Part 2 小小巨人,1999.0,search,giant,10.520854,9.058788,8.675988,4.441226,18.750866,0.999,34.415833,
小小巨人,Part 3 小小小巨人,2999.0,pressure,giant,22.299407,17.405755,23.150439,18.502062,26.737168,0.071667,189.024667,
小小巨人,Part 3 小小小巨人,2999.0,base,giant,25.647817,21.313297,29.714162,9.243096,33.184916,0.332,160.508333,
小小巨人,Part 3 小小小巨人,2999.0,search,giant,17.193907,14.801472,13.72179,5.905719,36.296848,0.894667,84.637333,
限时活动,活动1,138.0,pressure,fixed,13.78516,10.751955,12.969872,7.643455,19.971547,1.0,5.395167,海报9.18–10.20，仍在售未确认；皮肤/消费券不计哈夫币。
限时活动,活动1,138.0,base,fixed,11.651027,9.683957,11.573201,8.051163,15.770038,1.0,3.347167,海报9.18–10.20，仍在售未确认；皮肤/消费券不计哈夫币。
限时活动,活动1,138.0,search,fixed,10.044345,8.647921,9.879881,7.298493,13.462743,1.0,2.275,海报9.18–10.20，仍在售未确认；皮肤/消费券不计哈夫币。
限时活动,活动2,228.0,pressure,fixed,10.899163,8.511744,10.412638,6.992923,15.198263,1.0,7.002333,海报9.18–10.20，仍在售未确认；皮肤/消费券不计哈夫币。
限时活动,活动2,228.0,base,fixed,9.392294,7.810178,8.943766,7.214331,12.287749,1.0,4.4425,海报9.18–10.20，仍在售未确认；皮肤/消费券不计哈夫币。
限时活动,活动2,228.0,search,fixed,8.658817,7.458262,8.400671,6.565591,11.04849,1.0,3.222333,海报9.18–10.20，仍在售未确认；皮肤/消费券不计哈夫币。
限时活动,活动3,368.0,pressure,fixed,9.336683,7.297883,9.06942,6.822291,12.088843,1.0,9.633167,海报9.18–10.20，仍在售未确认；皮肤/消费券不计哈夫币。
限时活动,活动3,368.0,base,fixed,8.186803,6.806867,8.010048,6.61873,10.039667,1.0,6.259167,海报9.18–10.20，仍在售未确认；皮肤/消费券不计哈夫币。
限时活动,活动3,368.0,search,fixed,7.69099,6.627035,7.560795,6.497586,9.110638,1.0,4.602833,海报9.18–10.20，仍在售未确认；皮肤/消费券不计哈夫币。
陪玩单,娱乐男,50.0,pressure,hourly,21.250259,16.58791,18.230244,0.3,49.769014,1.0,3.0,统一1小时分母、每小时3局、含整备平均20分钟/局仅是假设。
陪玩单,娱乐男,50.0,base,hourly,28.834984,23.968375,25.624344,1.9,55.602539,1.0,3.0,统一1小时分母、每小时3局、含整备平均20分钟/局仅是假设。
陪玩单,娱乐男,50.0,search,hourly,36.726366,31.633039,36.24218,14.343487,59.566815,1.0,3.0,统一1小时分母、每小时3局、含整备平均20分钟/局仅是假设。
陪玩单,娱乐女,60.0,pressure,hourly,17.708549,13.823258,15.19187,0.25,41.474178,1.0,3.0,统一1小时分母、每小时3局、含整备平均20分钟/局仅是假设。
陪玩单,娱乐女,60.0,base,hourly,24.029153,19.973646,21.35362,1.583333,46.335449,1.0,3.0,统一1小时分母、每小时3局、含整备平均20分钟/局仅是假设。
陪玩单,娱乐女,60.0,search,hourly,30.605305,26.360866,30.201816,11.952906,49.639013,1.0,3.0,统一1小时分母、每小时3局、含整备平均20分钟/局仅是假设。
陪玩单,甜蜜单附加,10.0,pressure,unmodeled,,,,,,,,储值/附加权益不是独立产币订单，不能用相同分母排名。
陪玩单,甜蜜单附加,10.0,base,unmodeled,,,,,,,,储值/附加权益不是独立产币订单，不能用相同分母排名。
陪玩单,甜蜜单附加,10.0,search,unmodeled,,,,,,,,储值/附加权益不是独立产币订单，不能用相同分母排名。
陪玩单,常规陪跑,19.8,pressure,hourly,53.66227,41.88866,46.03597,0.757576,125.679327,1.0,3.0,统一1小时分母、每小时3局、含整备平均20分钟/局仅是假设。
陪玩单,常规陪跑,19.8,base,hourly,72.815616,60.526201,64.70794,4.79798,140.410451,1.0,3.0,统一1小时分母、每小时3局、含整备平均20分钟/局仅是假设。
陪玩单,常规陪跑,19.8,search,hourly,92.743348,79.881412,91.520656,36.220927,150.421251,1.0,3.0,统一1小时分母、每小时3局、含整备平均20分钟/局仅是假设。
陪玩单,机密陪跑,39.8,pressure,hourly,26.696305,20.839082,22.902317,0.376884,62.523887,1.0,3.0,统一1小时分母、每小时3局、含整备平均20分钟/局仅是假设。
陪玩单,机密陪跑,39.8,base,hourly,36.224854,30.111024,32.191387,2.386935,69.852435,1.0,3.0,统一1小时分母、每小时3局、含整备平均20分钟/局仅是假设。
陪玩单,机密陪跑,39.8,search,hourly,46.13865,39.739999,45.530377,18.019456,74.832683,1.0,3.0,统一1小时分母、每小时3局、含整备平均20分钟/局仅是假设。
陪玩单,绝密陪跑,60.0,pressure,hourly,17.708549,13.823258,15.19187,0.25,41.474178,1.0,3.0,统一1小时分母、每小时3局、含整备平均20分钟/局仅是假设。
陪玩单,绝密陪跑,60.0,base,hourly,24.029153,19.973646,21.35362,1.583333,46.335449,1.0,3.0,统一1小时分母、每小时3局、含整备平均20分钟/局仅是假设。
陪玩单,绝密陪跑,60.0,search,hourly,30.605305,26.360866,30.201816,11.952906,49.639013,1.0,3.0,统一1小时分母、每小时3局、含整备平均20分钟/局仅是假设。
陪玩单,机密猛攻技术,60.0,pressure,hourly,17.708549,13.823258,15.19187,0.25,41.474178,1.0,3.0,统一1小时分母、每小时3局、含整备平均20分钟/局仅是假设。
陪玩单,机密猛攻技术,60.0,base,hourly,24.029153,19.973646,21.35362,1.583333,46.335449,1.0,3.0,统一1小时分母、每小时3局、含整备平均20分钟/局仅是假设。
陪玩单,机密猛攻技术,60.0,search,hourly,30.605305,26.360866,30.201816,11.952906,49.639013,1.0,3.0,统一1小时分母、每小时3局、含整备平均20分钟/局仅是假设。
陪玩单,机密猛攻巅峰,80.0,pressure,hourly,13.281412,10.367443,11.393902,0.1875,31.105634,1.0,3.0,统一1小时分母、每小时3局、含整备平均20分钟/局仅是假设。
陪玩单,机密猛攻巅峰,80.0,base,hourly,18.021865,14.980235,16.015215,1.1875,34.751587,1.0,3.0,统一1小时分母、每小时3局、含整备平均20分钟/局仅是假设。
陪玩单,机密猛攻巅峰,80.0,search,hourly,22.953979,19.770649,22.651362,8.96468,37.22926,1.0,3.0,统一1小时分母、每小时3局、含整备平均20分钟/局仅是假设。
陪玩单,机密猛攻魔王,100.0,pressure,hourly,10.625129,8.293955,9.115122,0.15,24.884507,1.0,3.0,统一1小时分母、每小时3局、含整备平均20分钟/局仅是假设。
陪玩单,机密猛攻魔王,100.0,base,hourly,14.417492,11.984188,12.812172,0.95,27.801269,1.0,3.0,统一1小时分母、每小时3局、含整备平均20分钟/局仅是假设。
陪玩单,机密猛攻魔王,100.0,search,hourly,18.363183,15.81652,18.12109,7.171744,29.783408,1.0,3.0,统一1小时分母、每小时3局、含整备平均20分钟/局仅是假设。
陪玩单,绝密猛攻技术,90.0,pressure,hourly,11.805699,9.215505,10.127913,0.166667,27.649452,1.0,3.0,统一1小时分母、每小时3局、含整备平均20分钟/局仅是假设。
陪玩单,绝密猛攻技术,90.0,base,hourly,16.019435,13.315764,14.235747,1.055556,30.890299,1.0,3.0,统一1小时分母、每小时3局、含整备平均20分钟/局仅是假设。
陪玩单,绝密猛攻技术,90.0,search,hourly,20.403536,17.573911,20.134544,7.968604,33.092675,1.0,3.0,统一1小时分母、每小时3局、含整备平均20分钟/局仅是假设。
陪玩单,绝密猛攻巅峰,110.0,pressure,hourly,9.659209,7.539959,8.286475,0.136364,22.622279,1.0,3.0,统一1小时分母、每小时3局、含整备平均20分钟/局仅是假设。
陪玩单,绝密猛攻巅峰,110.0,base,hourly,13.106811,10.894716,11.647429,0.863636,25.273881,1.0,3.0,统一1小时分母、每小时3局、含整备平均20分钟/局仅是假设。
陪玩单,绝密猛攻巅峰,110.0,search,hourly,16.693803,14.378654,16.473718,6.519767,27.075825,1.0,3.0,统一1小时分母、每小时3局、含整备平均20分钟/局仅是假设。
陪玩单,绝密猛攻魔王,130.0,pressure,hourly,8.173176,6.379965,7.011632,0.115385,19.141928,1.0,3.0,统一1小时分母、每小时3局、含整备平均20分钟/局仅是假设。
陪玩单,绝密猛攻魔王,130.0,base,hourly,11.090378,9.218606,9.855517,0.730769,21.385592,1.0,3.0,统一1小时分母、每小时3局、含整备平均20分钟/局仅是假设。
陪玩单,绝密猛攻魔王,130.0,search,hourly,14.125525,12.166553,13.9393,5.516726,22.910314,1.0,3.0,统一1小时分母、每小时3局、含整备平均20分钟/局仅是假设。
陪玩单,猛攻一陪二附加,20.0,pressure,unmodeled,,,,,,,,储值/附加权益不是独立产币订单，不能用相同分母排名。
陪玩单,猛攻一陪二附加,20.0,base,unmodeled,,,,,,,,储值/附加权益不是独立产币订单，不能用相同分母排名。
陪玩单,猛攻一陪二附加,20.0,search,unmodeled,,,,,,,,储值/附加权益不是独立产币订单，不能用相同分母排名。
陪玩单,绝密双陪物资技术,200.0,pressure,hourly,5.312565,4.146977,4.557561,0.075,12.442253,1.0,3.0,统一1小时分母、每小时3局、含整备平均20分钟/局仅是假设。未完整计补物资/补时退款，仅给计时收益参考。
陪玩单,绝密双陪物资技术,200.0,base,hourly,7.208746,5.992094,6.406086,0.475,13.900635,1.0,3.0,统一1小时分母、每小时3局、含整备平均20分钟/局仅是假设。未完整计补物资/补时退款，仅给计时收益参考。
陪玩单,绝密双陪物资技术,200.0,search,hourly,9.181591,7.90826,9.060545,3.585872,14.891704,1.0,3.0,统一1小时分母、每小时3局、含整备平均20分钟/局仅是假设。未完整计补物资/补时退款，仅给计时收益参考。
陪玩单,绝密双陪物资巅峰,240.0,pressure,hourly,4.427137,3.455814,3.797967,0.0625,10.368545,1.0,3.0,统一1小时分母、每小时3局、含整备平均20分钟/局仅是假设。未完整计补物资/补时退款，仅给计时收益参考。
陪玩单,绝密双陪物资巅峰,240.0,base,hourly,6.007288,4.993412,5.338405,0.395833,11.583862,1.0,3.0,统一1小时分母、每小时3局、含整备平均20分钟/局仅是假设。未完整计补物资/补时退款，仅给计时收益参考。
陪玩单,绝密双陪物资巅峰,240.0,search,hourly,7.651326,6.590216,7.550454,2.988227,12.409753,1.0,3.0,统一1小时分母、每小时3局、含整备平均20分钟/局仅是假设。未完整计补物资/补时退款，仅给计时收益参考。
陪玩单,绝密双陪物资魔王,300.0,pressure,hourly,3.54171,2.764652,3.038374,0.05,8.294836,1.0,3.0,统一1小时分母、每小时3局、含整备平均20分钟/局仅是假设。未完整计补物资/补时退款，仅给计时收益参考。
陪玩单,绝密双陪物资魔王,300.0,base,hourly,4.805831,3.994729,4.270724,0.316667,9.26709,1.0,3.0,统一1小时分母、每小时3局、含整备平均20分钟/局仅是假设。未完整计补物资/补时退款，仅给计时收益参考。
陪玩单,绝密双陪物资魔王,300.0,search,hourly,6.121061,5.272173,6.040363,2.390581,9.927803,1.0,3.0,统一1小时分母、每小时3局、含整备平均20分钟/局仅是假设。未完整计补物资/补时退款，仅给计时收益参考。
33陪跑,单人陪跑,88.0,pressure,hourly,12.074011,9.424949,10.358093,0.170455,28.277849,1.0,3.0,统一1小时分母、每小时3局、含整备平均20分钟/局仅是假设。
33陪跑,单人陪跑,88.0,base,hourly,16.383514,13.618395,14.559287,1.079545,31.592351,1.0,3.0,统一1小时分母、每小时3局、含整备平均20分钟/局仅是假设。
33陪跑,单人陪跑,88.0,search,hourly,20.867253,17.973318,20.592148,8.149709,33.844781,1.0,3.0,统一1小时分母、每小时3局、含整备平均20分钟/局仅是假设。
33陪跑,双人陪跑,158.0,pressure,hourly,6.724765,5.249338,5.769065,0.094937,15.749688,1.0,3.0,统一1小时分母、每小时3局、含整备平均20分钟/局仅是假设。
33陪跑,双人陪跑,158.0,base,hourly,9.124995,7.584929,8.10897,0.601266,17.59574,1.0,3.0,统一1小时分母、每小时3局、含整备平均20分钟/局仅是假设。
33陪跑,双人陪跑,158.0,search,hourly,11.622268,10.010455,11.469044,4.539078,18.850258,1.0,3.0,统一1小时分母、每小时3局、含整备平均20分钟/局仅是假设。
VIP预存,V1,1000.0,pressure,unmodeled,,,,,,,,储值/附加权益不是独立产币订单，不能用相同分母排名。
VIP预存,V1,1000.0,base,unmodeled,,,,,,,,储值/附加权益不是独立产币订单，不能用相同分母排名。
VIP预存,V1,1000.0,search,unmodeled,,,,,,,,储值/附加权益不是独立产币订单，不能用相同分母排名。
VIP预存,V2,3000.0,pressure,unmodeled,,,,,,,,储值/附加权益不是独立产币订单，不能用相同分母排名。
VIP预存,V2,3000.0,base,unmodeled,,,,,,,,储值/附加权益不是独立产币订单，不能用相同分母排名。
VIP预存,V2,3000.0,search,unmodeled,,,,,,,,储值/附加权益不是独立产币订单，不能用相同分母排名。
VIP预存,V3,5000.0,pressure,unmodeled,,,,,,,,储值/附加权益不是独立产币订单，不能用相同分母排名。
VIP预存,V3,5000.0,base,unmodeled,,,,,,,,储值/附加权益不是独立产币订单，不能用相同分母排名。
VIP预存,V3,5000.0,search,unmodeled,,,,,,,,储值/附加权益不是独立产币订单，不能用相同分母排名。
VIP预存,V4,10000.0,pressure,unmodeled,,,,,,,,储值/附加权益不是独立产币订单，不能用相同分母排名。
VIP预存,V4,10000.0,base,unmodeled,,,,,,,,储值/附加权益不是独立产币订单，不能用相同分母排名。
VIP预存,V4,10000.0,search,unmodeled,,,,,,,,储值/附加权益不是独立产币订单，不能用相同分母排名。
七夕限定预存,预存1314,1314.0,pressure,unmodeled,,,,,,,,储值/附加权益不是独立产币订单，不能用相同分母排名。
七夕限定预存,预存1314,1314.0,base,unmodeled,,,,,,,,储值/附加权益不是独立产币订单，不能用相同分母排名。
七夕限定预存,预存1314,1314.0,search,unmodeled,,,,,,,,储值/附加权益不是独立产币订单，不能用相同分母排名。
七夕限定预存,预存5200,5200.0,pressure,unmodeled,,,,,,,,储值/附加权益不是独立产币订单，不能用相同分母排名。
七夕限定预存,预存5200,5200.0,base,unmodeled,,,,,,,,储值/附加权益不是独立产币订单，不能用相同分母排名。
七夕限定预存,预存5200,5200.0,search,unmodeled,,,,,,,,储值/附加权益不是独立产币订单，不能用相同分母排名。
七夕限定预存,预存9999,9999.0,pressure,unmodeled,,,,,,,,储值/附加权益不是独立产币订单，不能用相同分母排名。
七夕限定预存,预存9999,9999.0,base,unmodeled,,,,,,,,储值/附加权益不是独立产币订单，不能用相同分母排名。
七夕限定预存,预存9999,9999.0,search,unmodeled,,,,,,,,储值/附加权益不是独立产币订单，不能用相同分母排名。
