排名,店铺,具体档位,价格元,基础计分目标W,六情景较低净W/元均值,六情景较高净W/元均值,资格,规则摘要,源页面
1,战一下电竞,特调单888,888.0,2888.0,14.4,33.5,普通报价,清单：香槟4、龙舌兰4、柠檬茶8、可乐8、特色酒杯8；保底2888W。 同时满足物品清单和币量目标。物品的实际出货率没有可靠统计；本模型采用明确假设并测试快/慢推进。因任务拖长而排前，不代表真实掉率已被验证。,https://zhan1x.com/
2,游途电竞,展馆消消乐6格,328.0,1288.0,13.7,33.8,普通报价, 收集红（甲修不算）、金卡和红卡填柜；相同红成对消除；失败保险红也计。模型测试允许拒放重复物与强制消除两种分支，取更低均值。指定地图加价30%尚未计入默认价格。,https://docs.qq.com/doc/DS0FCYVdtbVhVSktn
3,战一下电竞,提神醒脑288,288.0,1488.0,12.6,27.5,普通报价,清单：咖啡1、挂耳咖啡1、咖啡机1、摩卡咖啡1；保底1488W。 同时满足物品清单和币量目标。物品的实际出货率没有可靠统计；本模型采用明确假设并测试快/慢推进。因任务拖长而排前，不代表真实掉率已被验证。,https://zhan1x.com/
4,战一下电竞,提神醒脑388,388.0,1888.0,12.0,27.2,普通报价,清单：高级咖啡豆1、挂耳咖啡1、咖啡机1、摩卡咖啡2；保底1888W。 同时满足物品清单和币量目标。物品的实际出货率没有可靠统计；本模型采用明确假设并测试快/慢推进。因任务拖长而排前，不代表真实掉率已被验证。,https://zhan1x.com/
5,西西糖电竞,秋日轻享79,79.0,588.0,11.5,14.5,活动，续期/派单须确认, 累计有效计分达到目标。保留最后一局完整带出，失败补偿是后续义务，不是立即到账。不同价位假设同产能，仅为合同对比，不能证明低价也能派来同水平队伍。,https://app1.lilihuyu.com/s/pages/7000000005368056#tab=2300021214589087
6,血族电竞,体验98,98.0,788.0,11.1,11.4,每人限一次, 累计有效计分达到目标。保留最后一局完整带出，失败补偿是后续义务，不是立即到账。不同价位假设同产能，仅为合同对比，不能证明低价也能派来同水平队伍。,https://xz.sybb.pw/pricing/product/584323684421
7,游途电竞,AZ3不同出生点12个,1688.0,8888.0,11.1,18.8,普通报价, 不同出生点分别成功撤离一次，重复点不新增进度。游途仅计超过300W；聚琳琅可读文字未明确该门槛，不直接移植。模型假设14个候选类别并测试偏斜/均匀，非官方出生概率。,https://docs.qq.com/doc/DS0FCYVdtbVhVSktn
8,聚琳琅电竞,环切尔诺贝利12出生点,1688.0,5188.0,11.1,18.8,普通报价, 不同出生点分别成功撤离一次，重复点不新增进度。游途仅计超过300W；聚琳琅可读文字未明确该门槛，不直接移植。模型假设14个候选类别并测试偏斜/均匀，非官方出生概率。,https://www.jllyx.com/#/product/prod-5ccf7ad0
9,游途电竞,新容器18控制台+10钥匙房,888.0,2888.0,10.8,25.8,普通报价, 成功撤离才推进控制台与隐秘钥匙房数量，二类任务与币量均达标才结束。每次成功开多少容器未知，本模型只作速度压力测试，不把地图总容器数当单局可得。,https://docs.qq.com/doc/DS0FCYVdtbVhVSktn
10,西西糖电竞,千万才是开始388,388.0,488.0,10.6,20.8,普通报价, 成功局只计超过1000W的部分，失败+10W目标，丢包流局。388目标488W，888目标1288W。最后一局带出全部归收益账，不截到目标值。,https://app1.lilihuyu.com/s/pages/7000000005368056#tab=2300021214589087
11,战一下电竞,特调单228,228.0,1188.0,10.3,21.3,普通报价,清单：龙舌兰1、柠檬茶3、可乐3；保底1188W。 同时满足物品清单和币量目标。物品的实际出货率没有可靠统计；本模型采用明确假设并测试快/慢推进。因任务拖长而排前，不代表真实掉率已被验证。,https://zhan1x.com/
12,血族电竞,核电站88,88.0,588.0,10.2,12.1,普通报价, 累计有效计分达到目标。保留最后一局完整带出，失败补偿是后续义务，不是立即到账。不同价位假设同产能，仅为合同对比，不能证明低价也能派来同水平队伍。,https://xz.sybb.pw/pricing/product/981947650693
13,游途电竞,沙色保险4个/178,178.0,1000.0,9.6,15.5,每日一次,每天限一次；4沙色＋1000W；摸到就算，不包全卡。 数量任务与币量同时看。游途178/188是摸到即算，308/398/488仅成功计沙色。鼠鼠学院仅公开数量，未明失败资格，保守情景按摸到即计而非宣称真实规则。,https://docs.qq.com/doc/DS0FCYVdtbVhVSktn
14,聚琳琅电竞,环切尔诺贝利6出生点,588.0,1788.0,9.6,13.1,普通报价, 不同出生点分别成功撤离一次，重复点不新增进度。游途仅计超过300W；聚琳琅可读文字未明确该门槛，不直接移植。模型假设14个候选类别并测试偏斜/均匀，非官方出生概率。,https://www.jllyx.com/#/product/prod-5ccf7ad0
15,西西糖电竞,大红爆仓50格,788.0,3088.0,9.4,24.3,普通报价, 数红的格数不是件数；25/50格档失败塞保险的红也计进度。六套、枪、背包等不自动当任务红；同时完成币量。,https://app1.lilihuyu.com/s/pages/7000000005368056#tab=2300021214589087
16,游途电竞,AZ3不同出生点9个,1088.0,5688.0,9.4,13.9,普通报价, 不同出生点分别成功撤离一次，重复点不新增进度。游途仅计超过300W；聚琳琅可读文字未明确该门槛，不直接移植。模型假设14个候选类别并测试偏斜/均匀，非官方出生概率。,https://docs.qq.com/doc/DS0FCYVdtbVhVSktn
17,游途电竞,AZ3不同出生点3个,268.0,1088.0,9.2,11.9,普通报价, 不同出生点分别成功撤离一次，重复点不新增进度。游途仅计超过300W；聚琳琅可读文字未明确该门槛，不直接移植。模型假设14个候选类别并测试偏斜/均匀，非官方出生概率。,https://docs.qq.com/doc/DS0FCYVdtbVhVSktn
18,西西糖电竞,黄金大矿工588,588.0,0.0,9.2,18.9,普通报价, 累计108格金/红；金每格10W、红每格100W算目标，588收集期收益抵计算保底。打手帮带可推进任务，但不自动把帮带价值全部计入老板收入。,https://app1.lilihuyu.com/s/pages/7000000005368056#tab=2300021214589087
19,游途电竞,沙色保险4个/188,188.0,1000.0,9.1,14.7,同日续价,同日后续价格；4沙色＋1000W；摸到就算，不包全卡。 数量任务与币量同时看。游途178/188是摸到即算，308/398/488仅成功计沙色。鼠鼠学院仅公开数量，未明失败资格，保守情景按摸到即计而非宣称真实规则。,https://docs.qq.com/doc/DS0FCYVdtbVhVSktn
20,游途电竞,沙色保险6个/308,308.0,1588.0,9.1,19.3,普通报价,6沙色＋1588W；失败不计沙色；包塔内卡，但未开完不算炸单。 数量任务与币量同时看。游途178/188是摸到即算，308/398/488仅成功计沙色。鼠鼠学院仅公开数量，未明失败资格，保守情景按摸到即计而非宣称真实规则。,https://docs.qq.com/doc/DS0FCYVdtbVhVSktn
21,游途电竞,沙色保险8个/398,398.0,2188.0,9.0,19.5,普通报价,8沙色＋2188W；失败不计沙色；包塔内卡，但未开完不算炸单。 数量任务与币量同时看。游途178/188是摸到即算，308/398/488仅成功计沙色。鼠鼠学院仅公开数量，未明失败资格，保守情景按摸到即计而非宣称真实规则。,https://docs.qq.com/doc/DS0FCYVdtbVhVSktn
22,游途电竞,新容器2控制台+1钥匙房,158.0,588.0,9.0,19.9,普通报价, 成功撤离才推进控制台与隐秘钥匙房数量，二类任务与币量均达标才结束。每次成功开多少容器未知，本模型只作速度压力测试，不把地图总容器数当单局可得。,https://docs.qq.com/doc/DS0FCYVdtbVhVSktn
23,游途电竞,沙色保险10个/488,488.0,3000.0,8.9,19.7,普通报价,10沙色＋3000W；失败不计沙色；包塔内卡，但未开完不算炸单。 数量任务与币量同时看。游途178/188是摸到即算，308/398/488仅成功计沙色。鼠鼠学院仅公开数量，未明失败资格，保守情景按摸到即计而非宣称真实规则。,https://docs.qq.com/doc/DS0FCYVdtbVhVSktn
24,西西糖电竞,秋日轻享148,148.0,1000.0,8.9,10.5,活动，续期/派单须确认, 累计有效计分达到目标。保留最后一局完整带出，失败补偿是后续义务，不是立即到账。不同价位假设同产能，仅为合同对比，不能证明低价也能派来同水平队伍。,https://app1.lilihuyu.com/s/pages/7000000005368056#tab=2300021214589087
25,西西糖电竞,大红爆仓25格,488.0,2288.0,8.9,21.4,普通报价, 数红的格数不是件数；25/50格档失败塞保险的红也计进度。六套、枪、背包等不自动当任务红；同时完成币量。,https://app1.lilihuyu.com/s/pages/7000000005368056#tab=2300021214589087
26,聚琳琅电竞,环切尔诺贝利3出生点,288.0,888.0,8.5,11.0,普通报价, 不同出生点分别成功撤离一次，重复点不新增进度。游途仅计超过300W；聚琳琅可读文字未明确该门槛，不直接移植。模型假设14个候选类别并测试偏斜/均匀，非官方出生概率。,https://www.jllyx.com/#/product/prod-5ccf7ad0
27,血族电竞,周体验128,128.0,788.0,8.5,8.7,每周限制, 累计有效计分达到目标。保留最后一局完整带出，失败补偿是后续义务，不是立即到账。不同价位假设同产能，仅为合同对比，不能证明低价也能派来同水平队伍。,https://xz.sybb.pw/pricing/product/1156412446597
28,裂影电竞,端游护航128,128.0,788.0,8.5,8.7,新人每人限1单,裂影实时端游新人128保788，每人限1单；不是旧预览中的98。 累计有效计分达到目标。保留最后一局完整带出，失败补偿是后续义务，不是立即到账。不同价位假设同产能，仅为合同对比，不能证明低价也能派来同水平队伍。,https://lieyingpw.com/#/price
29,西西糖电竞,秋日轻享268,268.0,2038.0,8.5,9.2,活动，续期/派单须确认,2038W沿用已归档提取；海报9.1—10.20，实际在售和具体数值付款前再确认。 累计有效计分达到目标。保留最后一局完整带出，失败补偿是后续义务，不是立即到账。不同价位假设同产能，仅为合同对比，不能证明低价也能派来同水平队伍。,https://app1.lilihuyu.com/s/pages/7000000005368056#tab=2300021214589087
30,宅宅鼠电竞,护航168,168.0,1088.0,8.4,9.5,每日体验一次/监狱+20,每日限一次；仅包过点卡，女护默认机密，监狱加20元。不能把本档默认当同待遇绝密双护。 累计有效计分达到目标。保留最后一局完整带出，失败补偿是后续义务，不是立即到账。不同价位假设同产能，仅为合同对比，不能证明低价也能派来同水平队伍。,https://zhaizhaishu.com/
31,宅宅鼠电竞,每日趣味99,99.0,2000.0,8.4,11.1,每日限制, 99元不是直接买2000W。每金减目标300、每红减400；失败所获金红按50%抵，失败+60；至少成功一把后才可结束。,https://zhaizhaishu.com/
32,西西糖电竞,千万才是开始888,888.0,1288.0,8.4,20.5,普通报价, 成功局只计超过1000W的部分，失败+10W目标，丢包流局。388目标488W，888目标1288W。最后一局带出全部归收益账，不截到目标值。,https://app1.lilihuyu.com/s/pages/7000000005368056#tab=2300021214589087
33,游途电竞,新容器5控制台+3钥匙房,388.0,1288.0,8.0,19.0,普通报价, 成功撤离才推进控制台与隐秘钥匙房数量，二类任务与币量均达标才结束。每次成功开多少容器未知，本模型只作速度压力测试，不把地图总容器数当单局可得。,https://docs.qq.com/doc/DS0FCYVdtbVhVSktn
34,游途电竞,展馆消消乐9格,888.0,3588.0,8.0,23.0,普通报价, 收集红（甲修不算）、金卡和红卡填柜；相同红成对消除；失败保险红也计。模型测试允许拒放重复物与强制消除两种分支，取更低均值。指定地图加价30%尚未计入默认价格。,https://docs.qq.com/doc/DS0FCYVdtbVhVSktn
35,战一下电竞,绝密保底118,118.0,700.0,8.0,9.3,每日体验一次, 累计有效计分达到目标。保留最后一局完整带出，失败补偿是后续义务，不是立即到账。不同价位假设同产能，仅为合同对比，不能证明低价也能派来同水平队伍。,https://zhan1x.com/
36,聚琳琅电竞,环切尔诺贝利9出生点,1288.0,3888.0,8.0,11.8,普通报价, 不同出生点分别成功撤离一次，重复点不新增进度。游途仅计超过300W；聚琳琅可读文字未明确该门槛，不直接移植。模型假设14个候选类别并测试偏斜/均匀，非官方出生概率。,https://www.jllyx.com/#/product/prod-5ccf7ad0
37,西西糖电竞,秋日轻享688,688.0,5555.0,7.9,8.4,活动，续期/派单须确认, 累计有效计分达到目标。保留最后一局完整带出，失败补偿是后续义务，不是立即到账。不同价位假设同产能，仅为合同对比，不能证明低价也能派来同水平队伍。,https://app1.lilihuyu.com/s/pages/7000000005368056#tab=2300021214589087
38,鼠鼠学院,沙色2个,168.0,788.0,7.9,10.4,普通报价, 数量任务与币量同时看。游途178/188是摸到即算，308/398/488仅成功计沙色。鼠鼠学院仅公开数量，未明失败资格，保守情景按摸到即计而非宣称真实规则。,https://www.aimouseacademy.com/
39,游途电竞,AZ3不同出生点5个,568.0,3088.0,7.9,10.5,普通报价, 不同出生点分别成功撤离一次，重复点不新增进度。游途仅计超过300W；聚琳琅可读文字未明确该门槛，不直接移植。模型假设14个候选类别并测试偏斜/均匀，非官方出生概率。,https://docs.qq.com/doc/DS0FCYVdtbVhVSktn
40,血族电竞,航天138,138.0,788.0,7.9,8.1,普通报价, 累计有效计分达到目标。保留最后一局完整带出，失败补偿是后续义务，不是立即到账。不同价位假设同产能，仅为合同对比，不能证明低价也能派来同水平队伍。,https://xz.sybb.pw/pricing/product/584323686277
41,西西糖电竞,秋日轻享399,399.0,3000.0,7.8,8.5,活动，续期/派单须确认, 累计有效计分达到目标。保留最后一局完整带出，失败补偿是后续义务，不是立即到账。不同价位假设同产能，仅为合同对比，不能证明低价也能派来同水平队伍。,https://app1.lilihuyu.com/s/pages/7000000005368056#tab=2300021214589087
42,聚琳琅电竞,绝密保底258,258.0,1888.0,7.8,8.0,普通报价,聚琳琅价格页258元保1888W；禁止老板私带AW子弹进图。 累计有效计分达到目标。保留最后一局完整带出，失败补偿是后续义务，不是立即到账。不同价位假设同产能，仅为合同对比，不能证明低价也能派来同水平队伍。,https://www.jllyx.com/#/product/prod-319a33a4
43,西西糖电竞,秋日轻享888,888.0,7188.0,7.8,8.2,活动，续期/派单须确认, 累计有效计分达到目标。保留最后一局完整带出，失败补偿是后续义务，不是立即到账。不同价位假设同产能，仅为合同对比，不能证明低价也能派来同水平队伍。,https://app1.lilihuyu.com/s/pages/7000000005368056#tab=2300021214589087
44,鼠鼠学院,基础护航158,158.0,888.0,7.7,9.1,普通报价, 累计有效计分达到目标。保留最后一局完整带出，失败补偿是后续义务，不是立即到账。不同价位假设同产能，仅为合同对比，不能证明低价也能派来同水平队伍。,https://www.aimouseacademy.com/
45,战一下电竞,不出一直打3同红,1488.0,4888.0,7.6,20.4,普通报价, 累计任意同种红2个或3个，不可指定。与相同格数、单局同时带出完全不同；同时达到币量目标。24种合成红只是模拟类别，不是真实物品表。,https://zhan1x.com/
46,战一下电竞,特调单488,488.0,1888.0,7.6,16.5,普通报价,清单：香槟1、龙舌兰1、柠檬茶3、可乐3；保底1888W。 同时满足物品清单和币量目标。物品的实际出货率没有可靠统计；本模型采用明确假设并测试快/慢推进。因任务拖长而排前，不代表真实掉率已被验证。,https://zhan1x.com/
47,西西糖电竞,绝密体验188,188.0,1088.0,7.5,8.5,普通报价, 累计有效计分达到目标。保留最后一局完整带出，失败补偿是后续义务，不是立即到账。不同价位假设同产能，仅为合同对比，不能证明低价也能派来同水平队伍。,https://app1.lilihuyu.com/s/pages/7000000005368056#tab=2300021214589087
48,西西糖电竞,秋日轻享1388,1388.0,10888.0,7.4,7.8,活动，续期/派单须确认, 累计有效计分达到目标。保留最后一局完整带出，失败补偿是后续义务，不是立即到账。不同价位假设同产能，仅为合同对比，不能证明低价也能派来同水平队伍。,https://app1.lilihuyu.com/s/pages/7000000005368056#tab=2300021214589087
49,战一下电竞,不出一直打2同红,688.0,1688.0,7.3,19.4,普通报价, 累计任意同种红2个或3个，不可指定。与相同格数、单局同时带出完全不同；同时达到币量目标。24种合成红只是模拟类别，不是真实物品表。,https://zhan1x.com/
50,血族电竞,巴克什228,228.0,1488.0,7.3,7.8,普通报价, 累计有效计分达到目标。保留最后一局完整带出，失败补偿是后续义务，不是立即到账。不同价位假设同产能，仅为合同对比，不能证明低价也能派来同水平队伍。,https://xz.sybb.pw/pricing/product/584323685125
